SiteID,long,lat,x,y,FIPS,STATE,COUNTY,SOC,DEM,Slope,MAP,MAT,NDVI,NLCD,NLCD_ID
1,-104.44425,39.95647999,-714067.4842,1913846.289,8001,Colorado,Adams County,2.304,1551.130005,1.30140996,384.401001,9.798390388,0.331707001,Planted/Cultivated,7
2,-105.92723,37.60193997,-866566.0081,1663513.09,8003,Colorado,Alamosa County,3.154,2308.689941,0.858110011,194.2819977,5.36274004,0.430465996,Planted/Cultivated,7
3,-104.8406783,39.64298018,-750759.1663,1881917.141,8005,Colorado,Arapahoe County,1.309,1689.930054,2.962569952,469.2550049,10.05500031,0.471262991,Herbaceous,6
4,-104.5048701,39.61835,-722566.3711,1876565.288,8005,Colorado,Arapahoe County,4.717,1822.170044,2.714050055,470.2380066,9.396209717,0.396961004,Herbaceous,6
5,-104.42155,39.61246003,-715564.6046,1875277.417,8005,Colorado,Arapahoe County,2.23,1758.680054,1.798069954,439.7219849,9.526069641,0.348821014,Herbaceous,6
6,-106.87303,37.2699,-953029.8768,1635578.935,8007,Colorado,Archuleta County,21.591,2517.139893,8.611060143,631.3380127,5.304550171,0.674516976,Forest,4
7,-106.87303,37.2699,-953029.8768,1635578.935,8007,Colorado,Archuleta County,21.591,2517.139893,8.611060143,631.3380127,5.304550171,0.674516976,Forest,4
8,-102.80351,37.51671995,-595146.9329,1629972.615,8009,Colorado,Baca County,2.983,1404.97998,1.608719945,421.3150024,11.79389954,0.305332989,Herbaceous,6
9,-102.80351,37.51671995,-595146.9329,1629972.615,8009,Colorado,Baca County,2.983,1404.97998,1.608719945,421.3150024,11.79389954,0.305332989,Herbaceous,6
10,-102.80351,37.51671995,-595146.9329,1629972.615,8009,Colorado,Baca County,2.983,1404.97998,1.608719945,421.3150024,11.79389954,0.305332989,Herbaceous,6
11,-102.5358976,37.64558925,-570782.3625,1642738.22,8009,Colorado,Baca County,4.569,1317.920044,1.854969978,417.8519897,11.9406004,0.334432006,Herbaceous,6
12,-102.3766499,37.34450004,-559158.799,1608126.441,8009,Colorado,Baca County,6.129,1221.199951,1.06475997,443.0650024,12.13140011,0.366326004,Planted/Cultivated,7
13,-102.3766499,37.34450004,-559158.799,1608126.441,8009,Colorado,Baca County,6.129,1221.199951,1.06475997,443.0650024,12.13140011,0.366326004,Planted/Cultivated,7
14,-102.3766499,37.34450004,-559158.799,1608126.441,8009,Colorado,Baca County,6.129,1221.199951,1.06475997,443.0650024,12.13140011,0.366326004,Planted/Cultivated,7
15,-105.46142,40.03581,-798929.3288,1930792.981,8013,Colorado,Boulder County,15.303,2424.139893,16.10129929,537.177002,5.87969017,0.60839802,Forest,4
16,-106.3109,38.71356001,-886436.626,1790940.034,8015,Colorado,Chaffee County,4.555,3471.050049,24.94079971,548.7639771,-0.342474014,0.506735981,Forest,4
17,-102.90466,38.82406998,-593343.0322,1776755.349,8017,Colorado,Cheyenne County,1.611,1353.52002,0.948350012,392.3930054,10.35509968,0.360603005,Shrubland,5
18,-102.90466,38.82406998,-593343.0322,1776755.349,8017,Colorado,Cheyenne County,1.611,1353.52002,0.948350012,392.3930054,10.35509968,0.360603005,Shrubland,5
19,-102.90466,38.82406998,-593343.0322,1776755.349,8017,Colorado,Cheyenne County,1.611,1353.52002,0.948350012,392.3930054,10.35509968,0.360603005,Shrubland,5
20,-102.155362,38.96903104,-527997.0519,1788544.329,8017,Colorado,Cheyenne County,6.334,1235.01001,1.325180054,436.9790039,10.40310001,0.392075986,Herbaceous,6
21,-106.21958,36.99902004,-899240.4582,1599043.897,8021,Colorado,Conejos County,12.02,2692.370117,7.891320229,451.7409973,4.263020039,0.383159012,Herbaceous,6
22,-105.3156,37.18439003,-817931.957,1611538.775,8023,Colorado,Costilla County,3.678,3000.699951,13.41720009,522.2670288,3.880520105,0.564236999,Forest,4
23,-103.89461,38.31013995,-683009.5773,1725972.075,8025,Colorado,Crowley County,1.665,1400.319946,1.277109981,295.1210022,11.29920006,0.256471992,Herbaceous,6
24,-105.12488,38.06527002,-791773.643,1708181.459,8027,Colorado,Custer County,16.652,2860.620117,14.51480007,636.7269897,4.097549915,0.677752018,Forest,4
25,-108.72642,37.82026002,-1106344.785,1716868.409,8033,Colorado,Dolores County,5.995,2229.560059,6.229159832,449.9909973,7.95085001,0.521178007,Forest,4
26,-108.65148,37.73378,-1101155.229,1706391.755,8033,Colorado,Dolores County,4.874,2328.449951,10.46269989,508.8980103,7.075250149,0.573623002,Forest,4
27,-108.65148,37.73378,-1101155.229,1706391.755,8033,Colorado,Dolores County,4.874,2328.449951,10.46269989,508.8980103,7.075250149,0.573623002,Forest,4
28,-108.40023,37.65977995,-1080491.634,1695286.098,8033,Colorado,Dolores County,4.411,2416.590088,7.329060078,569.8179932,6.133250237,0.592612982,Forest,4
29,-108.14849,37.74476,-1057462.918,1701899.342,8033,Colorado,Dolores County,30.473,3124.870117,16.74749947,777.4370117,2.5697999,0.737810016,Forest,4
30,-104.6879828,39.15531456,-742818.0513,1826295.749,8035,Colorado,Douglas County,8.221,2224.419922,3.946749926,532.8909912,6.996880054,0.492246002,Herbaceous,6
31,-104.66926,39.50217996,-737680.368,1864862.673,8035,Colorado,Douglas County,3.459,1917.900024,2.9582901,493.2030029,8.974280357,0.427538007,Herbaceous,6
32,-106.56149,39.91398996,-892971.0939,1927011.405,8037,Colorado,Eagle County,6.641,2534.300049,13.76580048,518.1589966,3.280950069,0.571150005,Shrubland,5
33,-104.24721,39.14085996,-705369.7276,1821323.669,8039,Colorado,Elbert County,2.397,1909.599976,2.274749994,454.6659851,8.367139816,0.403746992,Herbaceous,6
34,-104.0096334,39.44205112,-682257.4448,1853221.943,8039,Colorado,Elbert County,3.067,1708.97998,2.598119974,414.9549866,9.060819626,0.383565992,Herbaceous,6
35,-103.8904025,39.44617792,-672086.568,1852833.236,8039,Colorado,Elbert County,9.1,1682.099976,1.977339983,409.368988,9.131340027,0.383195013,Herbaceous,6
36,-105.00798,38.97708999,-771987.7338,1808956.936,8041,Colorado,El Paso County,23.19,2684.26001,7.831620216,629.9920044,4.578090191,0.585367024,Forest,4
37,-105.00798,38.97708999,-771987.7338,1808956.936,8041,Colorado,El Paso County,23.19,2684.26001,7.831620216,629.9920044,4.578090191,0.585367024,Forest,4
38,-105.00798,38.97708999,-771987.7338,1808956.936,8041,Colorado,El Paso County,23.19,2684.26001,7.831620216,629.9920044,4.578090191,0.585367024,Forest,4
39,-104.8102829,38.94078518,-755470.7669,1803316.831,8041,Colorado,El Paso County,6.536,2049.090088,4.397819996,494.8099976,8.273909569,0.444519013,Herbaceous,6
40,-104.729801,38.64987718,-751579.9545,1770210.765,8041,Colorado,El Paso County,11.589,1810.280029,3.796580076,421.2799988,10.06980038,0.365857005,Herbaceous,6
41,-104.53521,38.92890004,-732067.5359,1799837.395,8041,Colorado,El Paso County,6.384,2105.47998,1.603160024,500.9039917,7.574840069,0.38469699,Herbaceous,6
42,-104.16236,38.64345999,-702913.0711,1765152.155,8041,Colorado,El Paso County,1.049,1728.27002,1.225229979,377.2030029,9.337240219,0.307262003,Herbaceous,6
43,-104.16236,38.64345999,-702913.0711,1765152.155,8041,Colorado,El Paso County,1.049,1728.27002,1.225229979,377.2030029,9.337240219,0.307262003,Herbaceous,6
44,-104.16236,38.64345999,-702913.0711,1765152.155,8041,Colorado,El Paso County,1.049,1728.27002,1.225229979,377.2030029,9.337240219,0.307262003,Herbaceous,6
45,-104.0758277,38.95179339,-692545.964,1798950.383,8041,Colorado,El Paso County,5.699,1928.310059,2.369040012,425.2860107,8.127260208,0.37874499,Herbaceous,6
46,-108.7419301,39.50625001,-1082424.069,1904322.053,8045,Colorado,Garfield County,5.528,2044.140015,20.80970001,407.29599,8.467780113,0.499951005,Forest,4
47,-107.47508,39.38085996,-977050.8573,1876656.329,8045,Colorado,Garfield County,9.345,2782.050049,11.61520004,814.0440063,3.691950083,0.781475008,Forest,4
48,-107.1587126,39.80164283,-944715.132,1920278.944,8045,Colorado,Garfield County,1.36,3013.669922,17.72240067,942.8469849,1.672299981,0.655030012,Forest,4
49,-106.4483597,40.26143251,-879173.5506,1964646.922,8049,Colorado,Grand County,12.488,2630.969971,8.861189842,460.0039978,2.945519924,0.534856975,Shrubland,5
50,-106.1465254,40.0486135,-856414.773,1938186.682,8049,Colorado,Grand County,4.461,2662.219971,14.46290016,468.0230103,2.414239883,0.584248006,Shrubland,5
51,-106.1465254,40.0486135,-856414.773,1938186.682,8049,Colorado,Grand County,4.461,2662.219971,14.46290016,468.0230103,2.414239883,0.584248006,Shrubland,5
52,-106.1465254,40.0486135,-856414.773,1938186.682,8049,Colorado,Grand County,4.461,2662.219971,14.46290016,468.0230103,2.414239883,0.584248006,Shrubland,5
53,-105.9317535,40.14864837,-837184.5417,1947418.474,8049,Colorado,Grand County,5.27,2722.129883,11.6864996,492.7009888,2.32449007,0.622355998,Forest,4
54,-107.49408,38.72136997,-987578.8889,1803475.766,8051,Colorado,Gunnison County,21.125,2777.409912,19.3423996,615.84198,4.868100166,0.727437019,Forest,4
55,-107.09841,38.35968999,-958464.035,1759171.119,8051,Colorado,Gunnison County,19.099,2571.25,8.694939613,302.2950134,4.001049995,0.313479006,Shrubland,5
56,-106.91317,38.86514002,-936046.027,1813599.166,8051,Colorado,Gunnison County,16.019,2992.820068,15.15110016,674.2600098,1.579429984,0.684369981,Forest,4
57,-106.8537529,38.65417059,-933666.7798,1789523.029,8051,Colorado,Gunnison County,3.152,2723.780029,10.93910027,513.7910156,3.335809946,0.515594006,Shrubland,5
58,-104.67445,37.72276998,-756299.8005,1666293.425,8055,Colorado,Huerfano County,3.211,1817.160034,2.111490011,417.0119934,10.67560005,0.309722006,Herbaceous,6
59,-106.4575099,40.71411998,-874371.6676,2015132.881,8057,Colorado,Jackson County,2.827,2515.320068,3.884380102,399.2139893,2.81140995,0.546037018,Shrubland,5
60,-106.4575099,40.71411998,-874371.6676,2015132.881,8057,Colorado,Jackson County,2.827,2515.320068,3.884380102,399.2139893,2.81140995,0.546037018,Shrubland,5
61,-106.1199,40.39921003,-850001.1533,1977003.097,8057,Colorado,Jackson County,6.208,2826.73999,10.25759983,645.5440063,1.132069945,0.690734982,Forest,4
62,-106.1199,40.39921003,-850001.1533,1977003.097,8057,Colorado,Jackson County,6.208,2826.73999,10.25759983,645.5440063,1.132069945,0.690734982,Forest,4
63,-106.1199,40.39921003,-850001.1533,1977003.097,8057,Colorado,Jackson County,6.208,2826.73999,10.25759983,645.5440063,1.132069945,0.690734982,Forest,4
64,-102.89763,38.58310996,-594698.5409,1749774.352,8061,Colorado,Kiowa County,3.446,1338.119995,1.146999955,389.1080017,10.64319992,0.369917005,Herbaceous,6
65,-102.67776,38.49740996,-576447.9546,1738838.238,8061,Colorado,Kiowa County,1.542,1251.51001,0.936137021,386.8250122,11.09720039,0.394683987,Herbaceous,6
66,-102.67776,38.49740996,-576447.9546,1738838.238,8061,Colorado,Kiowa County,1.542,1251.51001,0.936137021,386.8250122,11.09720039,0.394683987,Herbaceous,6
67,-102.67776,38.49740996,-576447.9546,1738838.238,8061,Colorado,Kiowa County,1.542,1251.51001,0.936137021,386.8250122,11.09720039,0.394683987,Herbaceous,6
68,-102.6443501,38.27468998,-575312.5712,1713733.138,8061,Colorado,Kiowa County,4.974,1190.880005,1.299600005,383.401001,11.48659992,0.355982989,Herbaceous,6
69,-102.2435201,38.39936997,-539740.1362,1725324.525,8061,Colorado,Kiowa County,3.595,1218.51001,0.817520976,408.6109924,10.95619965,0.324963987,Planted/Cultivated,7
70,-102.7579928,39.25470506,-577331.5099,1823993.388,8063,Colorado,Kit Carson County,6.448,1387.390015,1.462470055,454.769989,10.11130047,0.420668006,Planted/Cultivated,7
71,-102.7579928,39.25470506,-577331.5099,1823993.388,8063,Colorado,Kit Carson County,6.448,1387.390015,1.462470055,454.769989,10.11130047,0.420668006,Planted/Cultivated,7
72,-102.7579928,39.25470506,-577331.5099,1823993.388,8063,Colorado,Kit Carson County,6.448,1387.390015,1.462470055,454.769989,10.11130047,0.420668006,Planted/Cultivated,7
73,-102.54069,39.43278999,-557424.6727,1842605.98,8063,Colorado,Kit Carson County,6.753,1277.839966,1.787989974,450.1340027,10.40139961,0.498598009,Planted/Cultivated,7
74,-106.3170502,39.2990562,-879852.8333,1856234.374,8065,Colorado,Lake County,13.431,3376.360107,14.39019966,580.6060181,-0.213021994,0.535712004,Forest,4
75,-106.2548258,39.23014258,-875398.768,1847981.344,8065,Colorado,Lake County,23.058,3376.360107,14.39019966,580.6060181,-0.213021994,0.535712004,Forest,4
76,-107.8054999,37.53461064,-1030681.861,1674765.866,8067,Colorado,La Plata County,18.391,2739.77002,18.00259972,783.6569824,4.328259945,0.746697009,Forest,4
77,-105.91983,40.79772,-828607.6218,2019624.397,8069,Colorado,Larimer County,5.026,2753.620117,8.964639664,547.1950073,2.230170012,0.575976014,Forest,4
78,-105.4820954,40.84707337,-791617.2315,2021391.271,8069,Colorado,Larimer County,12.728,2421.300049,10.66180038,432.7950134,5.075409889,0.546827018,Forest,4
79,-105.34428,40.57124,-783181.8161,1989507.55,8069,Colorado,Larimer County,11.187,2302.73999,13.64410019,547.1380005,6.064050198,0.637389004,Forest,4
80,-104.9563264,40.7084946,-749317.4464,2001681.468,8069,Colorado,Larimer County,2.784,1650.660034,1.834840059,383.4630127,8.46916008,0.364652991,Planted/Cultivated,7
81,-104.9098287,37.13303052,-782949.7671,1602392.341,8071,Colorado,Las Animas County,3.344,2380.919922,13.94999981,494.0100098,7.936979771,0.55092603,Forest,4
82,-104.60513,37.12013999,-756379.5057,1598486.293,8071,Colorado,Las Animas County,3.564,2045.530029,7.85973978,469.2940063,9.268420219,0.432090998,Forest,4
83,-103.57657,38.56455001,-653282.5837,1752157.896,8073,Colorado,Lincoln County,3.075,1499.300049,1.419890046,340.2569885,10.28849983,0.264569998,Herbaceous,6
84,-103.14659,40.59711003,-599167.7022,1976410.194,8075,Colorado,Logan County,0.152,1306.72998,1.493520021,425.2969971,9.521320343,0.395361006,Herbaceous,6
85,-103.14659,40.59711003,-599167.7022,1976410.194,8075,Colorado,Logan County,0.152,1306.72998,1.493520021,425.2969971,9.521320343,0.395361006,Herbaceous,6
86,-103.14659,40.59711003,-599167.7022,1976410.194,8075,Colorado,Logan County,0.152,1306.72998,1.493520021,425.2969971,9.521320343,0.395361006,Herbaceous,6
87,-103.08431,40.53503002,-594473.7568,1969084.959,8075,Colorado,Logan County,4.011,1306.72998,1.493520021,425.2969971,9.521320343,0.395361006,Herbaceous,6
88,-103.05801,40.84219004,-589718.2864,2003228.03,8075,Colorado,Logan County,6.147,1212.829956,1.344849944,441.9219971,9.456279755,0.525343001,Herbaceous,6
89,-103.05801,40.84219004,-589718.2864,2003228.03,8075,Colorado,Logan County,6.147,1212.829956,1.344849944,441.9219971,9.456279755,0.525343001,Herbaceous,6
90,-108.79555,38.84402001,-1096914.698,1831384.874,8077,Colorado,Mesa County,10.535,2591.189941,8.415550232,562.723999,6.14741993,0.68186599,Forest,4
91,-108.60023,38.78655003,-1081121.046,1822762.401,8077,Colorado,Mesa County,7.178,2516.75,10.73659992,408.4400024,6.76364994,0.510895014,Forest,4
92,-108.60023,38.78655003,-1081121.046,1822762.401,8077,Colorado,Mesa County,7.178,2516.75,10.73659992,408.4400024,6.76364994,0.510895014,Forest,4
93,-108.60023,38.78655003,-1081121.046,1822762.401,8077,Colorado,Mesa County,7.178,2516.75,10.73659992,408.4400024,6.76364994,0.510895014,Forest,4
94,-108.2732,39.31705998,-1045561.942,1878054.932,8077,Colorado,Mesa County,0.736,1713.530029,9.022919655,343.5379944,9.611100197,0.277673006,Forest,4
95,-107.6902901,39.32366083,-996069.8366,1872527.498,8077,Colorado,Mesa County,7.03,2358.120117,12.25689983,560.2340088,5.859799862,0.630654991,Forest,4
96,-106.91402,37.69708001,-951120.9837,1683549.064,8079,Colorado,Mineral County,17.884,3232.159912,14.80370045,867.3410034,1.205049992,0.588652015,Forest,4
97,-109.04304,40.44604002,-1093437.571,2012102.531,8081,Colorado,Moffat County,6.439,2183.280029,12.33279991,342.6489868,6.836359978,0.360457987,Shrubland,5
98,-108.58555,40.30018003,-1057470.911,1990733.641,8081,Colorado,Moffat County,3.935,1885.530029,5.747869968,348.4639893,7.571400166,0.261449993,Shrubland,5
99,-107.49241,40.36857003,-965167.6388,1986700.841,8081,Colorado,Moffat County,7.109,2219.550049,14.14470005,541.7630005,5.760000229,0.620760024,Forest,4
100,-107.5538373,40.8313209,-964015.2123,2038775.201,8081,Colorado,Moffat County,5.215,2076.870117,4.076069832,374.7850037,5.54377985,0.340921015,Shrubland,5
101,-108.9170101,37.58697,-1126354.856,1693198.692,8083,Colorado,Montezuma County,2.821,1998.160034,6.415999889,378.446991,8.879599571,0.394248009,Forest,4
102,-108.9170101,37.58697,-1126354.856,1693198.692,8083,Colorado,Montezuma County,2.821,1998.160034,6.415999889,378.446991,8.879599571,0.394248009,Forest,4
103,-108.9170101,37.58697,-1126354.856,1693198.692,8083,Colorado,Montezuma County,2.821,1998.160034,6.415999889,378.446991,8.879599571,0.394248009,Forest,4
104,-108.3863301,37.42488002,-1082708.883,1669025.975,8083,Colorado,Montezuma County,3.812,2264.540039,5.903160095,530.1420288,7.012300014,0.543129981,Forest,4
105,-108.27773,37.39972997,-1073632.232,1664999.107,8083,Colorado,Montezuma County,6.015,2326.659912,5.382649899,533.9400024,6.784500122,0.540172994,Forest,4
106,-108.38184,38.41630002,-1067881.72,1779151.095,8085,Colorado,Montrose County,8.818,2581.47998,6.358550072,679.1389771,6.358550072,0.701713979,Forest,4
107,-107.65141,38.64693999,-1002049.496,1796841.745,8085,Colorado,Montrose County,6.361,1969.130005,6.549359798,379.3880005,9.320630074,0.450475991,Planted/Cultivated,7
108,-103.6054301,40.08761002,-642119.9902,1922501.385,8087,Colorado,Morgan County,2.203,1341.310059,0.906367004,380.9890137,9.710269928,0.395435005,Herbaceous,6
109,-103.6054301,40.08761002,-642119.9902,1922501.385,8087,Colorado,Morgan County,2.203,1341.310059,0.906367004,380.9890137,9.710269928,0.395435005,Herbaceous,6
110,-103.6054301,40.08761002,-642119.9902,1922501.385,8087,Colorado,Morgan County,2.203,1341.310059,0.906367004,380.9890137,9.710269928,0.395435005,Herbaceous,6
111,-103.98769,37.87116003,-695174.358,1677616.086,8089,Colorado,Otero County,2.359,1398.650024,1.200469971,312.4580078,11.68719959,0.256808013,Herbaceous,6
112,-108.102805,38.33221505,-1045144.793,1766702.215,8091,Colorado,Ouray County,14.276,2689.22998,8.749389648,657.0750122,4.985509872,0.722422004,Forest,4
113,-107.6901151,38.05305846,-1013529.303,1731187.684,8091,Colorado,Ouray County,1.9,2825.110107,18.9817009,613.697998,4.709229946,0.684526026,Forest,4
114,-105.9184542,39.27477929,-846269.5162,1849908.995,8093,Colorado,Park County,9.334,3095.48999,6.458920002,492.230011,1.536759973,0.477124006,Herbaceous,6
115,-105.6483947,38.84398147,-828201.3596,1799501.144,8093,Colorado,Park County,3.923,2851.560059,6.729790211,367.3500061,3.102950096,0.367307991,Herbaceous,6
116,-105.6483947,38.84398147,-828201.3596,1799501.144,8093,Colorado,Park County,3.923,2851.560059,6.729790211,367.3500061,3.102950096,0.367307991,Herbaceous,6
117,-105.6483947,38.84398147,-828201.3596,1799501.144,8093,Colorado,Park County,3.923,2851.560059,6.729790211,367.3500061,3.102950096,0.367307991,Herbaceous,6
118,-102.4377199,40.62343996,-539632.5954,1975104.647,8095,Colorado,Phillips County,4.977,1164.26001,0.867829025,465.053009,9.915100098,0.398263991,Planted/Cultivated,7
119,-102.37958,40.48980997,-535770.5135,1959841.712,8095,Colorado,Phillips County,9.614,1161.650024,1.093009949,464.6929932,9.946089745,0.477524996,Planted/Cultivated,7
120,-102.2723,40.49724001,-526719.2233,1960072.461,8095,Colorado,Phillips County,4.592,1134.02002,0.930658996,465.6960144,10.00199986,0.573912978,Planted/Cultivated,7
121,-102.4668099,37.95591004,-562393.4395,1677025.208,8099,Colorado,Prowers County,8.05,1146.48999,1.383550048,392.993988,11.89120007,0.30804199,Herbaceous,6
122,-107.86129,39.89588998,-1002581.612,1937960.414,8103,Colorado,Rio Blanco County,2.644,2237.909912,12.95580006,519.9279785,6.065629959,0.589260995,Forest,4
123,-107.86129,39.89588998,-1002581.612,1937960.414,8103,Colorado,Rio Blanco County,2.644,2237.909912,12.95580006,519.9279785,6.065629959,0.589260995,Forest,4
124,-107.86129,39.89588998,-1002581.612,1937960.414,8103,Colorado,Rio Blanco County,2.644,2237.909912,12.95580006,519.9279785,6.065629959,0.589260995,Forest,4
125,-107.79405,40.14522996,-993469.1033,1964975.609,8103,Colorado,Rio Blanco County,16.201,2268.370117,16.51600075,572.3170166,5.624139786,0.698545992,Forest,4
126,-107.3869142,40.07326332,-960305.2915,1952787.304,8103,Colorado,Rio Blanco County,9.151,2954.120117,13.08049965,960.4979858,1.902649999,0.735978007,Forest,4
127,-106.69851,37.53323004,-934483.1458,1663166.393,8105,Colorado,Rio Grande County,27.984,3123.389893,16.7928009,835.6690063,1.883749962,0.646282017,Forest,4
128,-106.3666274,37.4135819,-907070.9553,1646624.259,8105,Colorado,Rio Grande County,16.527,2990.379883,14.31359959,637.164978,2.433559895,0.610814989,Forest,4
129,-106.0667734,37.56274856,-879166.1028,1660426.776,8105,Colorado,Rio Grande County,7.096,2320.810059,0.805041015,195.2480011,5.281040192,0.656735003,Planted/Cultivated,7
130,-106.0667734,37.56274856,-879166.1028,1660426.776,8105,Colorado,Rio Grande County,7.096,2320.810059,0.805041015,195.2480011,5.281040192,0.656735003,Planted/Cultivated,7
131,-107.3388286,40.32935812,-952854.0036,1980789.954,8107,Colorado,Routt County,6.33,2202.129883,14.28670025,595.0289917,5.510620117,0.656872988,Forest,4
132,-107.1205,40.72010003,-929481.6445,2022090.654,8107,Colorado,Routt County,15.641,2675.310059,12.56939983,827.4680176,2.798549891,0.733743012,Forest,4
133,-106.9405861,40.43805478,-918139.915,1988962.682,8107,Colorado,Routt County,10.653,2166.290039,7.256430149,576.1010132,4.703800201,0.670417011,Shrubland,5
134,-106.5726943,38.2122891,-915089.3812,1737574.628,8109,Colorado,Saguache County,3.692,3063.060059,14.62839985,519.6500244,2.444499969,0.595934987,Forest,4
135,-105.99534,38.11812997,-866416.0006,1721670.676,8109,Colorado,Saguache County,2.328,2439.060059,3.57020998,244.2669983,5.512829781,0.259133011,Herbaceous,6
136,-105.99534,38.11812997,-866416.0006,1721670.676,8109,Colorado,Saguache County,2.328,2439.060059,3.57020998,244.2669983,5.512829781,0.259133011,Herbaceous,6
137,-105.99534,38.11812997,-866416.0006,1721670.676,8109,Colorado,Saguache County,2.328,2439.060059,3.57020998,244.2669983,5.512829781,0.259133011,Herbaceous,6
138,-105.95476,38.17539998,-862240.1381,1727685.33,8109,Colorado,Saguache County,2.47,2575.209961,7.910620213,287.3309937,5.020160198,0.354479015,Herbaceous,6
139,-105.88127,37.79412996,-860333.0444,1684518.437,8109,Colorado,Saguache County,0.73,2301.23999,0.830910027,197.3009949,5.449140072,0.221462995,Shrubland,5
140,-105.88127,37.79412996,-860333.0444,1684518.437,8109,Colorado,Saguache County,0.73,2301.23999,0.830910027,197.3009949,5.449140072,0.221462995,Shrubland,5
141,-105.88127,37.79412996,-860333.0444,1684518.437,8109,Colorado,Saguache County,0.73,2301.23999,0.830910027,197.3009949,5.449140072,0.221462995,Shrubland,5
142,-105.8886099,38.27434001,-855379.3349,1738116.857,8109,Colorado,Saguache County,5.051,2876.929932,21.78809929,421.3099976,2.530659914,0.517274022,Shrubland,5
143,-107.6142869,37.82282172,-1010134.067,1704768.878,8111,Colorado,San Juan County,10.993,3618.02002,26.10420036,1128.109985,-0.591063976,0.454394013,Herbaceous,6
144,-108.2472981,37.97617935,-1062682.679,1728725.556,8113,Colorado,San Miguel County,11.22,2484,6.845799923,538.1220093,5.707220078,0.543348014,Forest,4
145,-108.2472981,37.97617935,-1062682.679,1728725.556,8113,Colorado,San Miguel County,11.22,2484,6.845799923,538.1220093,5.707220078,0.543348014,Forest,4
146,-106.3113501,39.89649998,-872118.1619,1922740.279,8117,Colorado,Summit County,14.541,2602.429932,11.38860035,394.67099,3.166810036,0.558182001,Forest,4
147,-103.2675293,39.74840781,-616551.9893,1882372.184,8121,Colorado,Washington County,11.156,1487.530029,1.162789941,416.3150024,9.305939674,0.345851988,Planted/Cultivated,7
148,-102.9093299,40.09418998,-583404.0627,1918748.215,8121,Colorado,Washington County,3.48,1319.439941,1.308990002,429.5299988,9.793160439,0.421638012,Herbaceous,6
149,-104.83502,40.10837004,-745438.9379,1933795.238,8123,Colorado,Weld County,11.275,1507.089966,1.302449942,341.9400024,9.670479774,0.513230979,Planted/Cultivated,7
150,-104.49756,40.39664999,-714159.7574,1963366.024,8123,Colorado,Weld County,13.351,1414.150024,1.183509946,344.8930054,9.516750336,0.560792029,Planted/Cultivated,7
151,-104.49756,40.39664999,-714159.7574,1963366.024,8123,Colorado,Weld County,13.351,1414.150024,1.183509946,344.8930054,9.516750336,0.560792029,Planted/Cultivated,7
152,-104.49756,40.39664999,-714159.7574,1963366.024,8123,Colorado,Weld County,13.351,1414.150024,1.183509946,344.8930054,9.516750336,0.560792029,Planted/Cultivated,7
153,-104.4320164,40.91301225,-703541.1004,2020482.144,8123,Colorado,Weld County,5.378,1635.209961,1.514539957,365.1740112,8.430150032,0.380571008,Herbaceous,6
154,-104.3802599,40.52391996,-703071.7625,1976691.723,8123,Colorado,Weld County,4.517,1457.199951,1.479930043,345.0539856,9.325630188,0.393404007,Herbaceous,6
155,-102.74502,39.69928998,-572691.7691,1873613.684,8125,Colorado,Yuma County,12.132,1326.949951,1.106240034,443.7330017,10.07310009,0.433712989,Herbaceous,6
156,-102.6937791,40.00430678,-565942.9107,1907399.711,8125,Colorado,Yuma County,0.708,1256.650024,0.949146986,437.1130066,10.1782999,0.516384006,Planted/Cultivated,7
157,-102.3079527,39.80422587,-534858.6553,1882798.182,8125,Colorado,Yuma County,2.18,1178.599976,2.825969934,462.9979858,10.38049984,0.415170997,Herbaceous,6
158,-102.3079527,39.80422587,-534858.6553,1882798.182,8125,Colorado,Yuma County,2.18,1178.599976,2.825969934,462.9979858,10.38049984,0.415170997,Herbaceous,6
159,-102.3079527,39.80422587,-534858.6553,1882798.182,8125,Colorado,Yuma County,2.18,1178.599976,2.825969934,462.9979858,10.38049984,0.415170997,Herbaceous,6
160,-95.18900004,37.93123002,70606.92044,1655418.374,20001,Kansas,Allen County,10.672,323.6610107,1.06716001,1080.719971,13.42590046,0.69066602,Planted/Cultivated,7
161,-95.18900004,37.93123002,70606.92044,1655418.374,20001,Kansas,Allen County,10.672,323.6610107,1.06716001,1080.719971,13.42590046,0.69066602,Planted/Cultivated,7
162,-95.18900004,37.93123002,70606.92044,1655418.374,20001,Kansas,Allen County,10.672,323.6610107,1.06716001,1080.719971,13.42590046,0.69066602,Planted/Cultivated,7
163,-95.52098663,39.56081578,40783.32099,1837866.791,20005,Kansas,Atchison County,10.728,329.9679871,1.972180009,940.4769897,12.20170021,0.737240016,Planted/Cultivated,7
164,-98.69459998,37.03674999,-237408.6509,1558240.125,20007,Kansas,Barber County,2.274,466.3519897,2.208580017,715.4589844,14.30659962,0.521265984,Herbaceous,6
165,-98.59475995,37.25646,-227942.4108,1582606.003,20007,Kansas,Barber County,1.249,474.0150146,1.791270018,724.2780151,14.16950035,0.531019986,Herbaceous,6
166,-98.98737997,38.49327002,-258065.6887,1722169.868,20009,Kansas,Barton County,9.529,600.5230103,1.253829956,650.0089722,12.70660019,0.47894901,Planted/Cultivated,7
167,-98.98737997,38.49327002,-258065.6887,1722169.868,20009,Kansas,Barton County,9.529,600.5230103,1.253829956,650.0089722,12.70660019,0.47894901,Planted/Cultivated,7
168,-98.98737997,38.49327002,-258065.6887,1722169.868,20009,Kansas,Barton County,9.529,600.5230103,1.253829956,650.0089722,12.70660019,0.47894901,Planted/Cultivated,7
169,-98.66794825,38.49984551,-230458.482,1722085.517,20009,Kansas,Barton County,11.779,566.4099731,1.035619974,674.9329834,12.88910007,0.523535013,Planted/Cultivated,7
170,-95.60391998,39.75304001,33632.62236,1859375.309,20013,Kansas,Brown County,9.419,343.730011,1.772250056,922.5269775,11.90950012,0.750724971,Planted/Cultivated,7
171,-95.60391998,39.75304001,33632.62236,1859375.309,20013,Kansas,Brown County,9.419,343.730011,1.772250056,922.5269775,11.90950012,0.750724971,Planted/Cultivated,7
172,-95.60391998,39.75304001,33632.62236,1859375.309,20013,Kansas,Brown County,9.419,343.730011,1.772250056,922.5269775,11.90950012,0.750724971,Planted/Cultivated,7
173,-95.37215319,39.88232889,53216.82763,1873968.521,20013,Kansas,Brown County,7.5,313.8299866,2.36184001,927.7700195,11.69950008,0.796992004,Planted/Cultivated,7
174,-95.3651564,39.84798828,53835.58022,1870124.568,20013,Kansas,Brown County,6.433,313.8299866,2.36184001,927.7700195,11.69950008,0.796992004,Planted/Cultivated,7
175,-96.92496006,37.65049002,-80834.02414,1624045.81,20015,Kansas,Butler County,8.366,387.9330139,1.187459946,924.5709839,13.65839958,0.666454971,Herbaceous,6
176,-96.8533888,38.04864257,-74178.80765,1668610.156,20015,Kansas,Butler County,12.587,443.1900024,1.502429962,864.242981,13.04230022,0.656177998,Herbaceous,6
177,-96.70336784,37.54351069,-61557.71268,1611890.698,20015,Kansas,Butler County,15.443,433.2059937,1.360999942,909.098999,13.51259995,0.673775971,Herbaceous,6
178,-96.78932018,38.35691377,-68323.0235,1703113.445,20017,Kansas,Chase County,16.51,417.4609985,2.616130114,857.4730225,12.89099979,0.690590978,Herbaceous,6
179,-96.56494231,38.43159248,-48851.55637,1711345.371,20017,Kansas,Chase County,12.496,406.9049988,2.929800034,902.210022,12.64789963,0.692755997,Herbaceous,6
180,-96.56494231,38.43159248,-48851.55637,1711345.371,20017,Kansas,Chase County,12.496,406.9049988,2.929800034,902.210022,12.64789963,0.692755997,Herbaceous,6
181,-96.56494231,38.43159248,-48851.55637,1711345.371,20017,Kansas,Chase County,12.496,406.9049988,2.929800034,902.210022,12.64789963,0.692755997,Herbaceous,6
182,-96.22429057,37.01525989,-19769.06663,1552489.788,20019,Kansas,Chautauqua County,5.388,277.6629944,2.923670053,1013.700012,14.15250015,0.729282975,Herbaceous,6
183,-101.8796,39.58041001,-500136.9462,1855436.03,20023,Kansas,Cheyenne County,3.071,1119.699951,1.17050004,481.4200134,10.61849976,0.450192004,Planted/Cultivated,7
184,-101.8103584,39.7498984,-493093.9006,1874031.569,20023,Kansas,Cheyenne County,1.015,1056.050049,2.283159971,470.2430115,10.75349998,0.431147993,Herbaceous,6
185,-101.4684246,39.81329202,-463700.3515,1879401.544,20023,Kansas,Cheyenne County,15.74,1030.47998,1.911790013,514.5510254,10.68400002,0.419106007,Planted/Cultivated,7
186,-100.00687,37.34108003,-351532.2601,1596388.376,20025,Kansas,Clark County,3.407,750.3629761,1.92087996,565.6539917,13.08619976,0.435223013,Herbaceous,6
187,-100.00687,37.34108003,-351532.2601,1596388.376,20025,Kansas,Clark County,3.407,750.3629761,1.92087996,565.6539917,13.08619976,0.435223013,Herbaceous,6
188,-100.00687,37.34108003,-351532.2601,1596388.376,20025,Kansas,Clark County,3.407,750.3629761,1.92087996,565.6539917,13.08619976,0.435223013,Herbaceous,6
189,-97.71234598,39.4407911,-146024.4038,1825628.607,20029,Kansas,Cloud County,7.719,469.8649902,2.083800077,753.0570068,11.79920006,0.585411012,Herbaceous,6
190,-95.71590001,38.08414004,24683.33865,1672292.473,20031,Kansas,Coffey County,6.746,319.3800049,1.325240016,1003.02002,13.12300014,0.721719027,Planted/Cultivated,7
191,-100.4254345,39.63251235,-376273.5445,1854561.23,20039,Kansas,Decatur County,4.903,821.1589966,1.928120017,559.8839722,11.0447998,0.489798009,Planted/Cultivated,7
192,-100.29245,39.76302998,-364313.9218,1868653.655,20039,Kansas,Decatur County,5.171,801.0529785,1.888560057,556.2009888,10.79870033,0.471042007,Planted/Cultivated,7
193,-97.00732979,38.89842663,-86549.81616,1763984.384,20041,Kansas,Dickinson County,9.48,372.8770142,2.136470079,856.6779785,12.7663002,0.586992025,Herbaceous,6
194,-95.01079355,39.81130609,83927.95972,1866271.049,20043,Kansas,Doniphan County,4.488,298.0539856,3.145529985,935.5289917,11.80259991,0.773537993,Planted/Cultivated,7
195,-98.39495576,38.52128672,-206821.9938,1723859.881,20053,Kansas,Ellsworth County,5.665,542.1760254,0.785100996,707.1599731,12.94340038,0.474399,Planted/Cultivated,7
196,-97.96907004,38.60025001,-169866.1037,1731864.321,20053,Kansas,Ellsworth County,7.515,456.9070129,1.891849995,740.4819946,12.66170025,0.610843003,Herbaceous,6
197,-100.33519,38.17113004,-376075.0375,1690585.152,20055,Kansas,Finney County,5.26,799.4379883,1.709210038,530.8220215,12.32349968,0.437355012,Herbaceous,6
198,-100.0318235,37.88073567,-351155.0367,1656907.625,20057,Kansas,Ford County,4.322,782.7160034,1.033380032,563.4589844,12.5710001,0.382755995,Planted/Cultivated,7
199,-99.63696448,37.58943012,-318031.2685,1622895.237,20057,Kansas,Ford County,6.009,728.6290283,0.963869989,631.440979,12.82740021,0.495620996,Planted/Cultivated,7
200,-100.15742,39.00033,-356599.0709,1782748.583,20063,Kansas,Gove County,5.37,782.8870239,1.182989955,570.2479858,11.52040005,0.458885998,Planted/Cultivated,7
201,-100.10159,39.34804998,-350131.8182,1821476.124,20065,Kansas,Graham County,1.97,744.1820068,2.306550026,561.6279907,11.47789955,0.509787023,Herbaceous,6
202,-99.92172998,39.23278997,-335319.9192,1807921.149,20065,Kansas,Graham County,4.622,723.059021,1.980919957,571.9260254,11.5078001,0.500675976,Herbaceous,6
203,-99.87967272,39.49799327,-330512.869,1837470.998,20065,Kansas,Graham County,3.667,729.7180176,2.127419949,560.3569946,11.38119984,0.505153,Planted/Cultivated,7
204,-99.87967272,39.49799327,-330512.869,1837470.998,20065,Kansas,Graham County,3.667,729.7180176,2.127419949,560.3569946,11.38119984,0.505153,Planted/Cultivated,7
205,-99.87967272,39.49799327,-330512.869,1837470.998,20065,Kansas,Graham County,3.667,729.7180176,2.127419949,560.3569946,11.38119984,0.505153,Planted/Cultivated,7
206,-100.561489,37.93107667,-396982.5836,1664629.006,20069,Kansas,Gray County,5.744,858.2680054,0.910709023,522.9580078,12.25969982,0.456023008,Planted/Cultivated,7
207,-96.16241035,37.98819214,-14128.7296,1661513.625,20073,Kansas,Greenwood County,9.657,352.0820007,1.632969975,933.6140137,13.22189999,0.699741006,Herbaceous,6
208,-96.06479269,37.64499629,-5662.452968,1623038.501,20073,Kansas,Greenwood County,10.356,313.1700134,2.028389931,963.4099731,13.45119953,0.722296,Herbaceous,6
209,-96.06479269,37.64499629,-5662.452968,1623038.501,20073,Kansas,Greenwood County,10.356,313.1700134,2.028389931,963.4099731,13.45119953,0.722296,Herbaceous,6
210,-101.76923,37.74132429,-503265.9069,1649113.215,20075,Kansas,Hamilton County,1.03,1038.98999,1.31190002,435.4339905,12.32929993,0.378095001,Planted/Cultivated,7
211,-98.11371001,37.06444996,-186169.7159,1560048.464,20077,Kansas,Harper County,4.002,414.6340027,1.271190047,809.1929932,14.59910011,0.449849993,Planted/Cultivated,7
212,-98.05867,37.32921999,-180680.1186,1589604.744,20077,Kansas,Harper County,9.461,472.9760132,1.370800018,780.5839844,13.91079998,0.46193701,Planted/Cultivated,7
213,-98.05867,37.32921999,-180680.1186,1589604.744,20077,Kansas,Harper County,9.461,472.9760132,1.370800018,780.5839844,13.91079998,0.46193701,Planted/Cultivated,7
214,-98.05867,37.32921999,-180680.1186,1589604.744,20077,Kansas,Harper County,9.461,472.9760132,1.370800018,780.5839844,13.91079998,0.46193701,Planted/Cultivated,7
215,-101.0428947,37.55756279,-441061.7997,1624942.7,20081,Kansas,Haskell County,5.46,924.6049805,1.178359985,471.3900146,12.59850025,0.484201014,Planted/Cultivated,7
216,-95.48475339,39.13829671,44124.93064,1790530.386,20087,Kansas,Jefferson County,12.903,296.3930054,3.371670008,954.4249878,12.45020008,0.750859022,Planted/Cultivated,7
217,-98.41123116,39.7380801,-204767.4063,1860226.674,20089,Kansas,Jewell County,18.062,533.572998,1.951879978,684.5789795,11.21350002,0.556147993,Herbaceous,6
218,-101.15766,37.92533999,-448853.6889,1666639.994,20093,Kansas,Kearny County,7.438,909.0390015,0.998335004,477.9620056,12.1892004,0.66921097,Planted/Cultivated,7
219,-101.15766,37.92533999,-448853.6889,1666639.994,20093,Kansas,Kearny County,7.438,909.0390015,0.998335004,477.9620056,12.1892004,0.66921097,Planted/Cultivated,7
220,-101.15766,37.92533999,-448853.6889,1666639.994,20093,Kansas,Kearny County,7.438,909.0390015,0.998335004,477.9620056,12.1892004,0.66921097,Planted/Cultivated,7
221,-98.08104997,37.48510003,-182261.538,1607112.327,20095,Kansas,Kingman County,4.358,484.6889954,1.441359997,777.0180054,13.82069969,0.442427009,Planted/Cultivated,7
222,-99.32518632,37.62712736,-290631.9229,1626118.891,20097,Kansas,Kiowa County,0.462,699.2559814,0.976019025,637.2529907,12.84329987,0.527522981,Planted/Cultivated,7
223,-95.36933051,37.12323986,55508.47861,1564750.11,20099,Kansas,Labette County,13.147,269.3349915,1.011649966,1115.609985,13.9399004,0.673385978,Planted/Cultivated,7
224,-100.46048,38.27724996,-386377.9126,1702969.517,20101,Kansas,Lane County,3.956,851.2310181,1.284579992,517.8670044,12.06239986,0.388671994,Planted/Cultivated,7
225,-100.4695101,38.56851003,-385624.735,1735616.52,20101,Kansas,Lane County,8.907,848.8660278,1.056839943,533.5709839,11.95590019,0.431845009,Planted/Cultivated,7
226,-100.4695101,38.56851003,-385624.735,1735616.52,20101,Kansas,Lane County,8.907,848.8660278,1.056839943,533.5709839,11.95590019,0.431845009,Planted/Cultivated,7
227,-100.4695101,38.56851003,-385624.735,1735616.52,20101,Kansas,Lane County,8.907,848.8660278,1.056839943,533.5709839,11.95590019,0.431845009,Planted/Cultivated,7
228,-98.12000373,39.20715788,-181367.2924,1800151.725,20105,Kansas,Lincoln County,14.082,446.2780151,2.601210117,715.0529785,12.23639965,0.538312018,Herbaceous,6
229,-101.3571524,38.96031369,-459660.9852,1783421.312,20109,Kansas,Logan County,3.9,953.5599976,1.476950049,487.9599915,11.39089966,0.376978993,Herbaceous,6
230,-101.3571524,38.96031369,-459660.9852,1783421.312,20109,Kansas,Logan County,3.9,953.5599976,1.476950049,487.9599915,11.39089966,0.376978993,Herbaceous,6
231,-101.3571524,38.96031369,-459660.9852,1783421.312,20109,Kansas,Logan County,3.9,953.5599976,1.476950049,487.9599915,11.39089966,0.376978993,Herbaceous,6
232,-101.10436,38.74379004,-439294.8519,1757993.489,20109,Kansas,Logan County,4.563,896.4719849,1.534819961,491.9089966,11.66129971,0.411233008,Herbaceous,6
233,-96.19007585,38.25740492,-16475.37225,1691692.562,20111,Kansas,Lyon County,9.126,367.7179871,1.271919966,932.7249756,12.64750004,0.689522982,Herbaceous,6
234,-97.70401999,38.32076997,-147565.3238,1700101.518,20113,Kansas,McPherson County,5.02,458.9190063,0.981585026,812.8510132,13.21450043,0.550418973,Planted/Cultivated,7
235,-97.09350999,38.36187997,-94646.09236,1703930.904,20115,Kansas,Marion County,9.957,420.473999,1.091230035,851.3660278,12.79590034,0.587176979,Planted/Cultivated,7
236,-96.35167998,39.96077997,-29776.18942,1882638.352,20117,Kansas,Marshall County,11.136,421.0209961,2.623780012,849.2869873,11.26930046,0.705775976,Planted/Cultivated,7
237,-96.35167998,39.96077997,-29776.18942,1882638.352,20117,Kansas,Marshall County,11.136,421.0209961,2.623780012,849.2869873,11.26930046,0.705775976,Planted/Cultivated,7
238,-95.80377321,37.22847609,17247.16665,1576376.113,20125,Kansas,Montgomery County,4.31,258.6489868,1.548300028,1060.180054,13.93190002,0.652732015,Planted/Cultivated,7
239,-95.80377321,37.22847609,17247.16665,1576376.113,20125,Kansas,Montgomery County,4.31,258.6489868,1.548300028,1060.180054,13.93190002,0.652732015,Planted/Cultivated,7
240,-95.80377321,37.22847609,17247.16665,1576376.113,20125,Kansas,Montgomery County,4.31,258.6489868,1.548300028,1060.180054,13.93190002,0.652732015,Planted/Cultivated,7
241,-101.7652296,37.36698678,-505460.7186,1607216.678,20129,Kansas,Morton County,4.126,1027.910034,0.833688974,433.1059875,12.61629963,0.34701699,Planted/Cultivated,7
242,-101.7652296,37.36698678,-505460.7186,1607216.678,20129,Kansas,Morton County,4.126,1027.910034,0.833688974,433.1059875,12.61629963,0.34701699,Planted/Cultivated,7
243,-101.7652296,37.36698678,-505460.7186,1607216.678,20129,Kansas,Morton County,4.126,1027.910034,0.833688974,433.1059875,12.61629963,0.34701699,Planted/Cultivated,7
244,-101.5665095,37.34455443,-488205.6026,1603668.402,20129,Kansas,Morton County,2.349,973.7719727,0.875294983,440.8909912,12.79319954,0.415683001,Planted/Cultivated,7
245,-95.23890906,37.69142105,66477.20782,1628505.86,20133,Kansas,Neosho County,8.78,307.1589966,1.313050032,1090.719971,13.5923996,0.719529986,Planted/Cultivated,7
246,-99.99603296,39.78865799,-339050.706,1870425.818,20137,Kansas,Norton County,3.7,735.6010132,1.917770028,613.3709717,10.88930035,0.503654003,Planted/Cultivated,7
247,-95.67702799,38.68061822,27833.20834,1739159.85,20139,Kansas,Osage County,10.413,333.5480042,1.608989954,948.8779907,12.6012001,0.732297003,Planted/Cultivated,7
248,-95.55413379,38.67139262,38428.78497,1738168.648,20139,Kansas,Osage County,8.929,330.0690002,2.2146101,952.4060059,12.53479958,0.728851974,Herbaceous,6
249,-97.53615756,39.15506986,-131518.5084,1793353.714,20143,Kansas,Ottawa County,5.571,418.8720093,1.767240047,782.9039917,12.73929977,0.581633985,Herbaceous,6
250,-99.53576499,38.27941818,-306309.5361,1699842.341,20145,Kansas,Pawnee County,7.794,676.6920166,1.339969993,587.5,12.6019001,0.456930995,Planted/Cultivated,7
251,-99.53576499,38.27941818,-306309.5361,1699842.341,20145,Kansas,Pawnee County,7.794,676.6920166,1.339969993,587.5,12.6019001,0.456930995,Planted/Cultivated,7
252,-99.53576499,38.27941818,-306309.5361,1699842.341,20145,Kansas,Pawnee County,7.794,676.6920166,1.339969993,587.5,12.6019001,0.456930995,Planted/Cultivated,7
253,-99.52685001,38.20008999,-305867.477,1690928.201,20145,Kansas,Pawnee County,10.793,660.0980225,0.989167988,590.2869873,12.78110027,0.515276015,Planted/Cultivated,7
254,-96.17549,39.27077998,-15001.22313,1805273.026,20149,Kansas,Pottawatomie County,6.6,327.3880005,2.72668004,893.4970093,12.47749996,0.731721997,Herbaceous,6
255,-97.63001227,39.8728028,-138173.6004,1873910.311,20157,Kansas,Republic County,7.668,479.9030151,1.284989953,762.5120239,11.28779984,0.611495972,Planted/Cultivated,7
256,-98.19079192,38.36273937,-189603.8641,1705668.185,20159,Kansas,Rice County,8.627,518.9390259,0.976251006,733.1300049,13.10029984,0.526045024,Planted/Cultivated,7
257,-96.54289699,39.13100059,-46497.38373,1789725.811,20161,Kansas,Riley County,13.335,350.5289917,3.305819988,874.1019897,12.51739979,0.711380005,Planted/Cultivated,7
258,-96.44198867,39.12880056,-37856.10297,1789434.448,20161,Kansas,Riley County,10.607,344.9060059,1.902119994,877.276001,12.67640018,0.713836014,Planted/Cultivated,7
259,-96.44198867,39.12880056,-37856.10297,1789434.448,20161,Kansas,Riley County,10.607,344.9060059,1.902119994,877.276001,12.67640018,0.713836014,Planted/Cultivated,7
260,-98.77331999,38.72389,-238825.281,1747447.785,20167,Kansas,Russell County,6.325,555.5960083,1.948889971,665.7449951,12.44309998,0.537963986,Herbaceous,6
261,-97.3132509,37.79084054,-114548.5092,1640173.883,20173,Kansas,Sedgwick County,4.678,426.1740112,1.034559965,830.2199707,13.50769997,0.589075029,Herbaceous,6
262,-100.72556,37.26948004,-414935.4523,1591271.611,20175,Kansas,Seward County,5.625,862.3270264,0.876488984,508.1260071,12.89249992,0.535422027,Planted/Cultivated,7
263,-95.93802996,39.08395001,5311.106722,1784321.294,20177,Kansas,Shawnee County,8.621,307.7430115,1.870769978,929.9619751,12.53120041,0.749037027,Planted/Cultivated,7
264,-98.89445001,38.16624998,-251156.6605,1685283.988,20185,Kansas,Stafford County,1.726,605.6259766,0.649253011,649.3220215,13.13099957,0.574132979,Planted/Cultivated,7
265,-98.89445001,38.16624998,-251156.6605,1685283.988,20185,Kansas,Stafford County,1.726,605.6259766,0.649253011,649.3220215,13.13099957,0.574132979,Planted/Cultivated,7
266,-98.89445001,38.16624998,-251156.6605,1685283.988,20185,Kansas,Stafford County,1.726,605.6259766,0.649253011,649.3220215,13.13099957,0.574132979,Planted/Cultivated,7
267,-98.69173,37.91554004,-234366.9812,1656677.878,20185,Kansas,Stafford County,4.327,585.026001,1.097049952,672.2050171,13.37660027,0.54985702,Planted/Cultivated,7
268,-101.3438,37.35149001,-468650.4318,1603323.177,20189,Kansas,Stevens County,4.23,935.8790283,0.898064971,458.2820129,12.82120037,0.581133008,Planted/Cultivated,7
269,-97.70893997,37.28099,-150086.6672,1583592.446,20191,Kansas,Sumner County,2.335,390.2869873,0.96122098,798.9429932,14.36139965,0.463539988,Planted/Cultivated,7
270,-97.70893997,37.28099,-150086.6672,1583592.446,20191,Kansas,Sumner County,2.335,390.2869873,0.96122098,798.9429932,14.36139965,0.463539988,Planted/Cultivated,7
271,-97.70893997,37.28099,-150086.6672,1583592.446,20191,Kansas,Sumner County,2.335,390.2869873,0.96122098,798.9429932,14.36139965,0.463539988,Planted/Cultivated,7
272,-97.19644216,37.17371279,-105230.9515,1570884.015,20191,Kansas,Sumner County,7.946,355.4570007,1.109200001,852.3729858,14.48040009,0.577646017,Planted/Cultivated,7
273,-101.2430835,39.34007895,-447536.4647,1825374.384,20193,Kansas,Thomas County,10.54,1008.369995,1.070649981,511.6799927,10.77229977,0.421911001,Planted/Cultivated,7
274,-101.2430835,39.34007895,-447536.4647,1825374.384,20193,Kansas,Thomas County,10.54,1008.369995,1.070649981,511.6799927,10.77229977,0.421911001,Planted/Cultivated,7
275,-101.2430835,39.34007895,-447536.4647,1825374.384,20193,Kansas,Thomas County,10.54,1008.369995,1.070649981,511.6799927,10.77229977,0.421911001,Planted/Cultivated,7
276,-101.0577289,39.30341897,-431948.8364,1820414.098,20193,Kansas,Thomas County,11.578,982.3359985,0.942098022,516.0369873,10.73239994,0.530193985,Planted/Cultivated,7
277,-101.0577289,39.30341897,-431948.8364,1820414.098,20193,Kansas,Thomas County,11.578,982.3359985,0.942098022,516.0369873,10.73239994,0.530193985,Planted/Cultivated,7
278,-101.0577289,39.30341897,-431948.8364,1820414.098,20193,Kansas,Thomas County,11.578,982.3359985,0.942098022,516.0369873,10.73239994,0.530193985,Planted/Cultivated,7
279,-100.7569701,39.33566001,-406104.2503,1822696.602,20193,Kansas,Thomas County,6.826,910.809021,0.928151011,523.2949829,11.06599998,0.565285027,Planted/Cultivated,7
280,-99.67167424,39.04104102,-314780.5101,1785591.907,20195,Kansas,Trego County,4.83,699.0770264,1.62816,581.9840088,11.75279999,0.444095999,Herbaceous,6
281,-96.33322228,38.98470206,-28596.95945,1773245.821,20197,Kansas,Wabaunsee County,9.889,368.1759949,3.812700033,899.4819946,12.43599987,0.733725011,Herbaceous,6
282,-96.33322228,38.98470206,-28596.95945,1773245.821,20197,Kansas,Wabaunsee County,9.889,368.1759949,3.812700033,899.4819946,12.43599987,0.733725011,Herbaceous,6
283,-96.33322228,38.98470206,-28596.95945,1773245.821,20197,Kansas,Wabaunsee County,9.889,368.1759949,3.812700033,899.4819946,12.43599987,0.733725011,Herbaceous,6
284,-96.13322776,39.01316029,-11429.01818,1776393.359,20197,Kansas,Wabaunsee County,13.564,373.6369934,3.918819904,904.7089844,12.27630043,0.70284301,Herbaceous,6
285,-101.67567,38.77065997,-488227.9691,1763788.328,20199,Kansas,Wallace County,7.183,1086.939941,0.88399303,476.9580078,11.3362999,0.44660601,Planted/Cultivated,7
286,-96.97578996,39.61054004,-83020.49859,1843762.61,20201,Kansas,Washington County,11.327,423.2229919,1.652060032,797.2719727,11.89589977,0.627317011,Herbaceous,6
287,-95.73365173,37.95180619,23182.66985,1657455.706,20207,Kansas,Woodson County,14.977,327.4660034,1.348590016,1014.960022,13.20629978,0.72774303,Planted/Cultivated,7
288,-108.9326801,33.74429999,-1186066.776,1267232.878,35003,New Mexico,Catron County,1.823,2277.75,8.067429543,479.5889893,8.349599838,0.493095994,Forest,4
289,-108.9326801,33.74429999,-1186066.776,1267232.878,35003,New Mexico,Catron County,1.823,2277.75,8.067429543,479.5889893,8.349599838,0.493095994,Forest,4
290,-108.9326801,33.74429999,-1186066.776,1267232.878,35003,New Mexico,Catron County,1.823,2277.75,8.067429543,479.5889893,8.349599838,0.493095994,Forest,4
291,-108.81574,34.23429996,-1168045.179,1320043.455,35003,New Mexico,Catron County,7.718,2162,4.294889927,314.7709961,8.849949837,0.224709004,Shrubland,5
292,-108.5125,33.92053999,-1145173.133,1281595.071,35003,New Mexico,Catron County,11.22,2281.419922,7.745950222,391.4979858,8.533789635,0.353026986,Forest,4
293,-108.33168,33.93475003,-1128512.319,1281006.428,35003,New Mexico,Catron County,3.393,2357.300049,8.016200066,415.5840149,8.799050331,0.341147989,Forest,4
294,-108.2048,33.57103,-1122169.717,1239206.547,35003,New Mexico,Catron County,3.842,2334.669922,7.092350006,432.6300049,9.594650269,0.283078015,Forest,4
295,-108.14311,34.33232003,-1105687.587,1322861.008,35003,New Mexico,Catron County,1.619,2317.48999,2.635040045,368.2009888,8.189599991,0.283793986,Shrubland,5
296,-104.64518,33.78767,-793772.3016,1227379.962,35005,New Mexico,Chaves County,0.471,1296.5,1.81645,343.8139954,14.65470028,0.197295994,Shrubland,5
297,-104.64518,33.78767,-793772.3016,1227379.962,35005,New Mexico,Chaves County,0.471,1296.5,1.81645,343.8139954,14.65470028,0.197295994,Shrubland,5
298,-104.64518,33.78767,-793772.3016,1227379.962,35005,New Mexico,Chaves County,0.471,1296.5,1.81645,343.8139954,14.65470028,0.197295994,Shrubland,5
299,-104.2304354,33.39545406,-759578.8372,1180353.214,35005,New Mexico,Chaves County,1.082,1157.900024,1.315729976,372.1719971,15.00599957,0.247803003,Shrubland,5
300,-103.8283,33.11860998,-725095.3907,1146414.08,35005,New Mexico,Chaves County,0.408,1298.650024,1.716189981,393.8970032,14.73079967,0.275361001,Herbaceous,6
301,-103.8349096,33.40276882,-723093.6721,1178081.721,35005,New Mexico,Chaves County,1.085,1257.01001,1.032050014,395.3080139,14.59210014,0.302843988,Herbaceous,6
302,-108.76739,34.58749003,-1158375.498,1358585.999,35006,New Mexico,Cibola County,1.255,2157.889893,3.881000042,369.9389954,9.087200165,0.29193601,Forest,4
303,-108.63908,34.83308002,-1143160.46,1384256.817,35006,New Mexico,Cibola County,2.768,2152.389893,2.870889902,357.8800049,9.070859909,0.242127001,Shrubland,5
304,-108.55557,34.86664998,-1135156.707,1386978.274,35006,New Mexico,Cibola County,2.735,2237.429932,5.289299965,385.5400085,8.277850151,0.347833991,Forest,4
305,-108.28351,35.18532003,-1106102.332,1419121.569,35006,New Mexico,Cibola County,7.596,2514.780029,6.59897995,530.7139893,7.413799763,0.537419975,Forest,4
306,-105.3065901,36.32419,-826566.0202,1515550.77,35007,New Mexico,Colfax County,4.986,2847.399902,8.503749847,636.9000244,4.347169876,0.619874001,Forest,4
307,-105.3065901,36.32419,-826566.0202,1515550.77,35007,New Mexico,Colfax County,4.986,2847.399902,8.503749847,636.9000244,4.347169876,0.619874001,Forest,4
308,-105.3065901,36.32419,-826566.0202,1515550.77,35007,New Mexico,Colfax County,4.986,2847.399902,8.503749847,636.9000244,4.347169876,0.619874001,Forest,4
309,-105.07104,36.64201996,-802316.8052,1548968.718,35007,New Mexico,Colfax County,6.378,2559.189941,12.31280041,515.5800171,6.815050125,0.477780998,Forest,4
310,-105.07104,36.64201996,-802316.8052,1548968.718,35007,New Mexico,Colfax County,6.378,2559.189941,12.31280041,515.5800171,6.815050125,0.477780998,Forest,4
311,-105.07104,36.64201996,-802316.8052,1548968.718,35007,New Mexico,Colfax County,6.378,2559.189941,12.31280041,515.5800171,6.815050125,0.477780998,Forest,4
312,-104.58782,36.55658003,-760560.3135,1535464.992,35007,New Mexico,Colfax County,7.746,1841.829956,1.273440003,404.4320068,9.717309952,0.340306997,Herbaceous,6
313,-103.3265797,34.74533808,-664718.4292,1323947.618,35009,New Mexico,Curry County,2.519,1395.630005,1.122059941,455.7090149,13.5923996,0.318917006,Herbaceous,6
314,-104.61908,34.52684997,-783899.0129,1309447.901,35011,New Mexico,De Baca County,3.243,1460.319946,1.885669947,357.4660034,13.89599991,0.25465101,Herbaceous,6
315,-104.49469,34.39301996,-773952.0905,1293524.048,35011,New Mexico,De Baca County,0.998,1393.140015,1.394309998,364.8739929,14.08380032,0.265141994,Herbaceous,6
316,-104.24586,34.57883002,-749538.2949,1312226.995,35011,New Mexico,De Baca County,1.139,1340.01001,2.023610115,386.6950073,14.29290009,0.278436005,Herbaceous,6
317,-106.6227051,32.35368689,-992509.1375,1086729.71,35013,New Mexico,Dowa Ana County,1.071,1433.829956,4.244180202,314.1950073,16.30369949,0.201729,Shrubland,5
318,-106.61557,32.43872995,-990788.3206,1096077.948,35013,New Mexico,Dowa Ana County,1.016,1409.630005,1.717000008,293.875,15.98960018,0.191852003,Shrubland,5
319,-104.68767,32.19851001,-813852.7821,1051129.117,35015,New Mexico,Eddy County,10.276,1623.319946,11.54419994,468.5469971,14.78429985,0.358707011,Forest,4
320,-104.03854,32.55819999,-749805.6072,1085735.909,35015,New Mexico,Eddy County,1.303,1013.549988,1.695940018,344.0320129,16.74279976,0.229102999,Shrubland,5
321,-108.65567,32.93703995,-1172782.072,1174473.67,35017,New Mexico,Grant County,6.209,1595.719971,10.18560028,416.1229858,13.6864996,0.273865014,Shrubland,5
322,-108.65567,32.93703995,-1172782.072,1174473.67,35017,New Mexico,Grant County,6.209,1595.719971,10.18560028,416.1229858,13.6864996,0.273865014,Shrubland,5
323,-108.58387,32.83797001,-1167627.02,1162632.369,35017,New Mexico,Grant County,2.759,1516.199951,11.01099968,393.2550049,14.01099968,0.286339015,Shrubland,5
324,-108.45576,32.52865003,-1160317.836,1126858.619,35017,New Mexico,Grant County,0.494,1904.439941,7.600940228,467.3590088,11.83010006,0.395422995,Shrubland,5
325,-107.94988,32.56750998,-1112902.987,1125106.392,35017,New Mexico,Grant County,6.509,1552.660034,2.377150059,340.8450012,14.35319996,0.191320002,Shrubland,5
326,-105.15459,34.91246999,-828308.4167,1356934.635,35019,New Mexico,Guadalupe County,3.65,1738.900024,2.029429913,403.3999939,11.86880016,0.253951997,Herbaceous,6
327,-103.9271945,36.10768446,-706384.1328,1480275.71,35021,New Mexico,Harding County,4.971,1732.869995,1.862759948,409.6499939,10.78069973,0.29441601,Herbaceous,6
328,-103.67941,35.61959,-688764.6864,1423988.524,35021,New Mexico,Harding County,1.174,1313.98999,1.25217998,414.9379883,13.59959984,0.301019013,Herbaceous,6
329,-108.92649,31.50637004,-1219348.089,1019863.247,35023,New Mexico,Hidalgo County,3.568,1591.180054,2.513180017,424.9840088,14.27880001,0.243450001,Herbaceous,6
330,-108.9412498,31.93259307,-1214288.377,1067078.142,35023,New Mexico,Hidalgo County,0.843,1334.060059,7.531680107,315.605011,15.66989994,0.194011003,Shrubland,5
331,-108.80374,32.31215996,-1195782.593,1107246.655,35023,New Mexico,Hidalgo County,1.12,1304.359985,1.225690007,305.8880005,15.79669952,0.157407999,Shrubland,5
332,-108.3606928,31.80685194,-1161945.751,1045937.236,35023,New Mexico,Hidalgo County,2.727,1371.910034,3.551980019,308.5270081,15.46370029,0.179363996,Shrubland,5
333,-103.72828,32.23849002,-723826.5868,1047807.001,35025,New Mexico,Lea County,0.677,1066.829956,1.389260054,344.946991,17.01819992,0.252911001,Shrubland,5
334,-103.65258,32.51794996,-714245.6766,1078289.654,35025,New Mexico,Lea County,0.606,1106.380005,0.939800024,364.9200134,16.34950066,0.250555009,Shrubland,5
335,-103.55973,32.71555,-703846.6637,1099565.839,35025,New Mexico,Lea County,5.16,1217.930054,1.328279972,390.2149963,15.45530033,0.27974999,Herbaceous,6
336,-103.5108901,32.51749001,-701053.1658,1077183.636,35025,New Mexico,Lea County,2.21,1131.27002,0.947495997,373.6180115,16.03709984,0.279114991,Shrubland,5
337,-103.44191,32.17824002,-697586.6191,1038971.489,35025,New Mexico,Lea County,0.93,1035.589966,1.058099985,308.8330078,16.67819977,0.262356013,Shrubland,5
338,-103.44191,32.17824002,-697586.6191,1038971.489,35025,New Mexico,Lea County,0.93,1035.589966,1.058099985,308.8330078,16.67819977,0.262356013,Shrubland,5
339,-103.44191,32.17824002,-697586.6191,1038971.489,35025,New Mexico,Lea County,0.93,1035.589966,1.058099985,308.8330078,16.67819977,0.262356013,Shrubland,5
340,-103.2477301,33.08188999,-671741.0372,1138061.561,35025,New Mexico,Lea County,4.861,1200.98999,1.108940005,421.4809875,14.78050041,0.335575998,Herbaceous,6
341,-105.83837,33.69546003,-904024.0423,1227785.258,35027,New Mexico,Lincoln County,1.596,1698.650024,1.71724999,367.980011,13.08430004,0.226114005,Shrubland,5
342,-108.2003265,31.89556046,-1145689.202,1053788.884,35029,New Mexico,Luna County,1.35,1460.339966,1.217210054,308.4070129,15.25650024,0.162046999,Shrubland,5
343,-107.7961699,32.38249996,-1101216.113,1102846.35,35029,New Mexico,Luna County,2.181,1416.959961,1.181079984,297.5929871,15.13479996,0.163637996,Shrubland,5
344,-107.7961699,32.38249996,-1101216.113,1102846.35,35029,New Mexico,Luna County,2.181,1416.959961,1.181079984,297.5929871,15.13479996,0.163637996,Shrubland,5
345,-107.64103,32.3615,-1087092.324,1098736.689,35029,New Mexico,Luna County,1.712,1414.030029,4.823999882,306.0050049,15.1967001,0.179658994,Shrubland,5
346,-108.87446,35.82420002,-1149338.864,1497023.996,35031,New Mexico,McKinley County,1.646,2337.169922,10.50259972,442.8080139,7.642399788,0.34443599,Herbaceous,6
347,-108.6669501,35.39574001,-1137299.04,1446994.449,35031,New Mexico,McKinley County,4.594,2178.110107,6.331950188,353.1359863,9.062729836,0.271788001,Shrubland,5
348,-108.55464,35.43468003,-1126700.186,1449976.891,35031,New Mexico,McKinley County,3.158,2219.23999,4.45761013,349.3129883,9.172840118,0.320663005,Forest,4
349,-108.54795,35.59700999,-1123710.983,1467910.609,35031,New Mexico,McKinley County,1.35,2128.75,7.420159817,353.6919861,8.872550011,0.225654006,Shrubland,5
350,-108.08552,35.56516999,-1082978.726,1459007.246,35031,New Mexico,McKinley County,3.777,2230.669922,10.46759987,339.2369995,8.614339828,0.256947994,Shrubland,5
351,-108.08552,35.56516999,-1082978.726,1459007.246,35031,New Mexico,McKinley County,3.777,2230.669922,10.46759987,339.2369995,8.614339828,0.256947994,Shrubland,5
352,-108.08552,35.56516999,-1082978.726,1459007.246,35031,New Mexico,McKinley County,3.777,2230.669922,10.46759987,339.2369995,8.614339828,0.256947994,Shrubland,5
353,-104.8885933,35.77698536,-795275.5849,1450984.823,35033,New Mexico,Mora County,6.088,1983.72998,2.437289953,465.3500061,9.481980324,0.339026988,Herbaceous,6
354,-106.05588,32.50181003,-938008.1306,1097390.607,35035,New Mexico,Otero County,0.485,1229.030029,0.905896008,263.7130127,16.55870056,0.189533994,Shrubland,5
355,-105.14362,32.27705996,-855596.1026,1063851.058,35035,New Mexico,Otero County,7.533,1200.699951,4.208720207,270.4320068,15.97299957,0.192295,Shrubland,5
356,-103.9802,34.64981996,-724781.8803,1318076.899,35037,New Mexico,Quay County,3.094,1484.380005,1.622349977,428.2579956,13.49180031,0.270518988,Herbaceous,6
357,-103.9802,34.64981996,-724781.8803,1318076.899,35037,New Mexico,Quay County,3.094,1484.380005,1.622349977,428.2579956,13.49180031,0.270518988,Herbaceous,6
358,-103.9802,34.64981996,-724781.8803,1318076.899,35037,New Mexico,Quay County,3.094,1484.380005,1.622349977,428.2579956,13.49180031,0.270518988,Herbaceous,6
359,-103.61216,35.04333002,-687906.5059,1359214.519,35037,New Mexico,Quay County,1.941,1237.189941,1.232820034,421.8179932,14.32369995,0.317048013,Shrubland,5
360,-103.61216,35.04333002,-687906.5059,1359214.519,35037,New Mexico,Quay County,1.941,1237.189941,1.232820034,421.8179932,14.32369995,0.317048013,Shrubland,5
361,-103.61216,35.04333002,-687906.5059,1359214.519,35037,New Mexico,Quay County,1.941,1237.189941,1.232820034,421.8179932,14.32369995,0.317048013,Shrubland,5
362,-103.13627,35.25973002,-643167.4446,1380024.552,35037,New Mexico,Quay County,1.102,1175.76001,2.327090025,432.552002,14.16240025,0.282815993,Shrubland,5
363,-107.2091099,36.76942996,-988951.8997,1583313.232,35039,New Mexico,Rio Arriba County,0.804,2182.899902,4.939740181,434.3640137,6.988379955,0.393254012,Shrubland,5
364,-106.76681,36.00556,-959772.5024,1493787.34,35039,New Mexico,Rio Arriba County,18.277,2705.76001,9.07005024,704.5939941,5.487370014,0.675952017,Forest,4
365,-106.8159476,36.47266584,-958192.4596,1546262.656,35039,New Mexico,Rio Arriba County,2.771,2285.149902,9.571629524,473.7319946,7.92414999,0.519464016,Forest,4
366,-106.8159476,36.47266584,-958192.4596,1546262.656,35039,New Mexico,Rio Arriba County,2.771,2285.149902,9.571629524,473.7319946,7.92414999,0.519464016,Forest,4
367,-106.8159476,36.47266584,-958192.4596,1546262.656,35039,New Mexico,Rio Arriba County,2.771,2285.149902,9.571629524,473.7319946,7.92414999,0.519464016,Forest,4
368,-106.75813,36.18893001,-956682.3053,1514103.982,35039,New Mexico,Rio Arriba County,4.953,2517.47998,7.052070141,538.8880005,7.384540081,0.532670021,Forest,4
369,-106.14819,36.73188002,-896172.8027,1568610.344,35039,New Mexico,Rio Arriba County,7.6,2825.060059,8.40320015,637.5720215,3.082730055,0.532746971,Herbaceous,6
370,-103.73691,34.01008001,-708551.9343,1244961.769,35041,New Mexico,Roosevelt County,2.295,1331.439941,1.872879982,401.3129883,14.26609993,0.285670012,Herbaceous,6
371,-103.73691,34.01008001,-708551.9343,1244961.769,35041,New Mexico,Roosevelt County,2.295,1331.439941,1.872879982,401.3129883,14.26609993,0.285670012,Herbaceous,6
372,-103.73691,34.01008001,-708551.9343,1244961.769,35041,New Mexico,Roosevelt County,2.295,1331.439941,1.872879982,401.3129883,14.26609993,0.285670012,Herbaceous,6
373,-103.6499,34.17697997,-699100.7671,1262910.897,35041,New Mexico,Roosevelt County,2.977,1287.72998,1.562330008,421.2909851,14.22039986,0.299430996,Herbaceous,6
374,-103.6499,34.17697997,-699100.7671,1262910.897,35041,New Mexico,Roosevelt County,2.977,1287.72998,1.562330008,421.2909851,14.22039986,0.299430996,Herbaceous,6
375,-103.6499,34.17697997,-699100.7671,1262910.897,35041,New Mexico,Roosevelt County,2.977,1287.72998,1.562330008,421.2909851,14.22039986,0.299430996,Herbaceous,6
376,-103.47941,33.66632997,-688039.2117,1204783.741,35041,New Mexico,Roosevelt County,1.095,1309.369995,0.83592999,414.9020081,14.35809994,0.329326004,Herbaceous,6
377,-103.47941,33.66632997,-688039.2117,1204783.741,35041,New Mexico,Roosevelt County,1.095,1309.369995,0.83592999,414.9020081,14.35809994,0.329326004,Herbaceous,6
378,-103.47804,33.75996004,-687091.2173,1215201.479,35041,New Mexico,Roosevelt County,1.509,1319.23999,0.93137002,417.7969971,14.28619957,0.33741799,Herbaceous,6
379,-103.47804,33.75996004,-687091.2173,1215201.479,35041,New Mexico,Roosevelt County,1.509,1319.23999,0.93137002,417.7969971,14.28619957,0.33741799,Herbaceous,6
380,-103.47804,33.75996004,-687091.2173,1215201.479,35041,New Mexico,Roosevelt County,1.509,1319.23999,0.93137002,417.7969971,14.28619957,0.33741799,Herbaceous,6
381,-103.12583,34.27362002,-650491.4087,1269960.444,35041,New Mexico,Roosevelt County,2.545,1261.5,0.981586993,452.6440125,13.99339962,0.452881992,Planted/Cultivated,7
382,-107.45567,36.19736996,-1018306.851,1522290.877,35043,New Mexico,Sandoval County,3.02,2089.070068,4.348670006,274.9549866,8.673480034,0.213992998,Shrubland,5
383,-107.45567,36.19736996,-1018306.851,1522290.877,35043,New Mexico,Sandoval County,3.02,2089.070068,4.348670006,274.9549866,8.673480034,0.213992998,Shrubland,5
384,-107.45567,36.19736996,-1018306.851,1522290.877,35043,New Mexico,Sandoval County,3.02,2089.070068,4.348670006,274.9549866,8.673480034,0.213992998,Shrubland,5
385,-107.20381,35.53069997,-1004803.8,1445492.296,35043,New Mexico,Sandoval County,3.915,1981.619995,7.50454998,290.1480103,10.02250004,0.22958,Shrubland,5
386,-107.06606,35.56297996,-992086.2338,1447633.805,35043,New Mexico,Sandoval County,1.025,1919.780029,4.518330097,262.3739929,10.56659985,0.165527999,Shrubland,5
387,-107.06606,35.56297996,-992086.2338,1447633.805,35043,New Mexico,Sandoval County,1.025,1919.780029,4.518330097,262.3739929,10.56659985,0.165527999,Shrubland,5
388,-107.06606,35.56297996,-992086.2338,1447633.805,35043,New Mexico,Sandoval County,1.025,1919.780029,4.518330097,262.3739929,10.56659985,0.165527999,Shrubland,5
389,-106.6267187,35.37053719,-955270.2019,1421731.691,35043,New Mexico,Sandoval County,1.152,1677.48999,3.478640079,287.5580139,12.5152998,0.183925003,Shrubland,5
390,-107.8391701,36.19569997,-1052246.197,1526282.995,35045,New Mexico,San Juan County,1.293,1970.160034,2.354850054,247.3730011,9.662679672,0.153098002,Shrubland,5
391,-107.73732,36.25985998,-1042354.909,1532291.302,35045,New Mexico,San Juan County,2.459,2058.540039,2.98229003,262.928009,9.232780457,0.187527001,Shrubland,5
392,-107.72745,36.82076997,-1033748.598,1594539.619,35045,New Mexico,San Juan County,3.122,1868.47998,7.247839928,313.3210144,9.934510231,0.235080004,Shrubland,5
393,-105.30963,35.35360003,-837464.0547,1407423.164,35047,New Mexico,San Miguel County,2.884,1920.709961,5.738289833,439.4179993,10.10130024,0.349633992,Shrubland,5
394,-107.52662,32.68857003,-1072047.862,1133640.669,35051,New Mexico,Sierra County,2.649,1601.400024,4.326189995,372.32901,14.31999969,0.211361006,Shrubland,5
395,-107.458979,32.96574812,-1062067.54,1163580.687,35051,New Mexico,Sierra County,4.83,1574.089966,6.087800026,308.5289917,14.64169979,0.205072001,Shrubland,5
396,-107.7111713,33.90180413,-1072475.493,1270168.683,35053,New Mexico,Socorro County,6.098,2149.48999,1.183779955,342.4100037,9.112000465,0.204099,Herbaceous,6
397,-107.7111713,33.90180413,-1072475.493,1270168.683,35053,New Mexico,Socorro County,6.098,2149.48999,1.183779955,342.4100037,9.112000465,0.204099,Herbaceous,6
398,-107.66996,33.74433999,-1070875.546,1252243.069,35053,New Mexico,Socorro County,1.649,2218.290039,5.902540207,386.9599915,9.169249535,0.257728994,Herbaceous,6
399,-107.65729,34.43335002,-1060295.903,1328532.463,35053,New Mexico,Socorro County,5.198,2016.930054,4.192359924,336.8659973,10.3107996,0.177544996,Shrubland,5
400,-107.65729,34.43335002,-1060295.903,1328532.463,35053,New Mexico,Socorro County,5.198,2016.930054,4.192359924,336.8659973,10.3107996,0.177544996,Shrubland,5
401,-107.27251,33.54363998,-1037231.538,1225578.616,35053,New Mexico,Socorro County,3.539,1655.76001,5.789999962,284.2160034,13.67749977,0.189073995,Shrubland,5
402,-107.27251,33.54363998,-1037231.538,1225578.616,35053,New Mexico,Socorro County,3.539,1655.76001,5.789999962,284.2160034,13.67749977,0.189073995,Shrubland,5
403,-107.27251,33.54363998,-1037231.538,1225578.616,35053,New Mexico,Socorro County,3.539,1655.76001,5.789999962,284.2160034,13.67749977,0.189073995,Shrubland,5
404,-107.26938,34.22490997,-1027938.752,1301135.53,35053,New Mexico,Socorro County,2.425,1943.209961,6.38808012,335.3099976,11.35789967,0.211840004,Shrubland,5
405,-107.26938,34.22490997,-1027938.752,1301135.53,35053,New Mexico,Socorro County,2.425,1943.209961,6.38808012,335.3099976,11.35789967,0.211840004,Shrubland,5
406,-107.26938,34.22490997,-1027938.752,1301135.53,35053,New Mexico,Socorro County,2.425,1943.209961,6.38808012,335.3099976,11.35789967,0.211840004,Shrubland,5
407,-107.16377,34.14520002,-1019394.403,1291149.605,35053,New Mexico,Socorro County,1.88,1815.290039,1.539849997,298.625,12.26539993,0.190498993,Shrubland,5
408,-107.0400895,34.00886667,-1009918.128,1274695.173,35053,New Mexico,Socorro County,5.721,1737.199951,6.698050022,292.8330078,12.90480042,0.202818006,Shrubland,5
409,-105.67646,36.84460002,-853378.8599,1576828.416,35055,New Mexico,Taos County,3.537,2340.939941,5.14880991,292.3190002,6.165259838,0.228111997,Shrubland,5
410,-105.5018209,36.15044246,-845790.6931,1497903.793,35055,New Mexico,Taos County,8.473,2934.51001,17.16659927,781.0759888,4.174449921,0.722745001,Forest,4
411,-105.5018209,36.15044246,-845790.6931,1497903.793,35055,New Mexico,Taos County,8.473,2934.51001,17.16659927,781.0759888,4.174449921,0.722745001,Forest,4
412,-105.5018209,36.15044246,-845790.6931,1497903.793,35055,New Mexico,Taos County,8.473,2934.51001,17.16659927,781.0759888,4.174449921,0.722745001,Forest,4
413,-105.79595,34.30743,-893102.6351,1295412.07,35057,New Mexico,Torrance County,4.313,2101,4.437339783,426.3729858,10.02569962,0.343741,Forest,4
414,-105.79595,34.30743,-893102.6351,1295412.07,35057,New Mexico,Torrance County,4.313,2101,4.437339783,426.3729858,10.02569962,0.343741,Forest,4
415,-105.79595,34.30743,-893102.6351,1295412.07,35057,New Mexico,Torrance County,4.313,2101,4.437339783,426.3729858,10.02569962,0.343741,Forest,4
416,-103.8466242,36.92004466,-691715.8439,1570370.353,35059,New Mexico,Union County,7.841,1969.410034,7.411499977,447.8940125,9.472299576,0.486938,Forest,4
417,-103.3359566,36.73584955,-648382.2038,1546198.419,35059,New Mexico,Union County,3.113,1604.22998,2.493979931,421.5280151,11.19509983,0.33564201,Herbaceous,6
418,-103.3359566,36.73584955,-648382.2038,1546198.419,35059,New Mexico,Union County,3.113,1604.22998,2.493979931,421.5280151,11.19509983,0.33564201,Herbaceous,6
419,-103.3359566,36.73584955,-648382.2038,1546198.419,35059,New Mexico,Union County,3.113,1604.22998,2.493979931,421.5280151,11.19509983,0.33564201,Herbaceous,6
420,-106.13759,41.38415003,-839738.0514,2086829.916,56001,Wyoming,Albany County,13.743,2552.469971,7.109300137,458.6520081,2.750250101,0.526089013,Shrubland,5
421,-105.6393093,41.57095687,-796491.6299,2103335.67,56001,Wyoming,Albany County,4.01,2178.820068,1.209939957,327.1210022,5.019320011,0.330300987,Shrubland,5
422,-106.0053099,43.53262998,-803581.768,2324517.945,56005,Wyoming,Campbell County,6.903,1612.130005,4.018300056,378.946991,6.872029781,0.386229992,Herbaceous,6
423,-106.0053099,43.53262998,-803581.768,2324517.945,56005,Wyoming,Campbell County,6.903,1612.130005,4.018300056,378.946991,6.872029781,0.386229992,Herbaceous,6
424,-106.0053099,43.53262998,-803581.768,2324517.945,56005,Wyoming,Campbell County,6.903,1612.130005,4.018300056,378.946991,6.872029781,0.386229992,Herbaceous,6
425,-105.645,44.49573996,-763863.2891,2428371.338,56005,Wyoming,Campbell County,4.778,1284.699951,3.661880016,391.1119995,7.351890087,0.379698992,Herbaceous,6
426,-105.3665901,44.40823997,-742845.7057,2416464.317,56005,Wyoming,Campbell County,7.046,1355.109985,3.319689989,401.0140076,7.188849926,0.413841993,Herbaceous,6
427,-105.4009351,44.92136235,-739917.1222,2473596.417,56005,Wyoming,Campbell County,6.189,1094.050049,3.288719893,371.9530029,7.324999809,0.407988012,Herbaceous,6
428,-107.63695,41.60886998,-960282.7822,2126017.169,56007,Wyoming,Carbon County,6.19,2182.330078,4.02023983,316.8349915,5.419700146,0.275611013,Shrubland,5
429,-107.32617,42.00721001,-929461.4193,2167171.715,56007,Wyoming,Carbon County,1.46,2011.650024,1.085960031,261.4079895,6.007040024,0.188840002,Shrubland,5
430,-106.9777,41.24550996,-910818.5594,2079143.406,56007,Wyoming,Carbon County,8.974,2650.48999,8.470439911,884.53302,2.478549957,0.592253983,Forest,4
431,-106.9777,41.24550996,-910818.5594,2079143.406,56007,Wyoming,Carbon County,8.974,2650.48999,8.470439911,884.53302,2.478549957,0.592253983,Forest,4
432,-106.7472,41.20587001,-892277.3402,2072547.955,56007,Wyoming,Carbon County,1.408,2334.02002,6.146240234,355.4590149,4.658430099,0.48961401,Shrubland,5
433,-106.89381,42.24819996,-891056.2905,2189800.125,56007,Wyoming,Carbon County,0.244,1876.869995,4.49048996,272.256012,6.906099796,0.255468994,Shrubland,5
434,-106.89381,42.24819996,-891056.2905,2189800.125,56007,Wyoming,Carbon County,0.244,1876.869995,4.49048996,272.256012,6.906099796,0.255468994,Shrubland,5
435,-106.89381,42.24819996,-891056.2905,2189800.125,56007,Wyoming,Carbon County,0.244,1876.869995,4.49048996,272.256012,6.906099796,0.255468994,Shrubland,5
436,-106.74848,41.60065996,-887395.7422,2116467.703,56007,Wyoming,Carbon County,3.134,2141.25,2.088099957,286.9159851,5.530650139,0.358321995,Shrubland,5
437,-106.62393,42.03544,-871729.3593,2163653.599,56007,Wyoming,Carbon County,2.379,2095.530029,4.729340076,308.848999,5.808469772,0.226454005,Shrubland,5
438,-106.4807301,41.09741002,-871581.3176,2058007.615,56007,Wyoming,Carbon County,10.076,2385.909912,6.716380119,430.2099915,3.863029957,0.415890008,Shrubland,5
439,-106.5151801,41.37659,-870983.336,2089387.325,56007,Wyoming,Carbon County,9.51,2511.969971,7.361340046,579.6309814,3.048890114,0.628041029,Shrubland,5
440,-106.47529,41.60027001,-864938.5889,2113905.649,56007,Wyoming,Carbon County,10.076,2432.199951,7.148739815,478.651001,3.399250031,0.523055017,Shrubland,5
441,-106.14433,41.93471998,-833729.9074,2148149.913,56007,Wyoming,Carbon County,3.983,2059.75,2.587080002,290.480011,5.404139996,0.229818001,Shrubland,5
442,-106.14433,41.93471998,-833729.9074,2148149.913,56007,Wyoming,Carbon County,3.983,2059.75,2.587080002,290.480011,5.404139996,0.229818001,Shrubland,5
443,-106.16178,42.19086995,-832100.994,2176791.286,56007,Wyoming,Carbon County,3.595,2122.090088,2.320679903,315.0390015,4.72510004,0.239986002,Shrubland,5
444,-105.8784099,42.80001004,-801916.2798,2242073.921,56009,Wyoming,Converse County,4.594,1666.910034,4.044919968,334.8850098,7.667170048,0.37105,Herbaceous,6
445,-105.8784099,42.80001004,-801916.2798,2242073.921,56009,Wyoming,Converse County,4.594,1666.910034,4.044919968,334.8850098,7.667170048,0.37105,Herbaceous,6
446,-105.8784099,42.80001004,-801916.2798,2242073.921,56009,Wyoming,Converse County,4.594,1666.910034,4.044919968,334.8850098,7.667170048,0.37105,Herbaceous,6
447,-105.71025,43.28974999,-782733.3294,2295086.872,56009,Wyoming,Converse County,3.489,1615.219971,3.082429886,324.5169983,6.838739872,0.346468002,Herbaceous,6
448,-105.4344399,42.56750001,-768572.1929,2212553.291,56009,Wyoming,Converse County,5.313,1592.890015,4.266610146,358.3240051,7.446879864,0.382854998,Herbaceous,6
449,-105.4344399,42.56750001,-768572.1929,2212553.291,56009,Wyoming,Converse County,5.313,1592.890015,4.266610146,358.3240051,7.446879864,0.382854998,Herbaceous,6
450,-105.4344399,42.56750001,-768572.1929,2212553.291,56009,Wyoming,Converse County,5.313,1592.890015,4.266610146,358.3240051,7.446879864,0.382854998,Herbaceous,6
451,-105.44789,43.39276,-760513.9567,2304399.266,56009,Wyoming,Converse County,6.423,1484.410034,2.215790033,329.3710022,7.388830185,0.319043994,Herbaceous,6
452,-105.26626,43.18862997,-748159.27,2280275.015,56009,Wyoming,Converse County,2.352,1442.589966,1.359320045,326.0090027,7.558129787,0.312229991,Herbaceous,6
453,-105.01036,42.72078996,-732508.7601,2226256.571,56009,Wyoming,Converse County,4.392,1500.800049,2.286380053,347.5140076,7.737400055,0.344278991,Herbaceous,6
454,-104.9035568,44.58014232,-704442.2117,2432000.794,56011,Wyoming,Crook County,13.007,1273.880005,2.76680994,390.9150085,6.963270187,0.439141005,Herbaceous,6
455,-104.9035568,44.58014232,-704442.2117,2432000.794,56011,Wyoming,Crook County,13.007,1273.880005,2.76680994,390.9150085,6.963270187,0.439141005,Herbaceous,6
456,-104.9035568,44.58014232,-704442.2117,2432000.794,56011,Wyoming,Crook County,13.007,1273.880005,2.76680994,390.9150085,6.963270187,0.439141005,Herbaceous,6
457,-104.7204639,44.45052838,-691320.2656,2416279.378,56011,Wyoming,Crook County,4.726,1275.939941,4.923659801,421.9219971,6.967860222,0.51335299,Herbaceous,6
458,-104.7204639,44.45052838,-691320.2656,2416279.378,56011,Wyoming,Crook County,4.726,1275.939941,4.923659801,421.9219971,6.967860222,0.51335299,Herbaceous,6
459,-104.7204639,44.45052838,-691320.2656,2416279.378,56011,Wyoming,Crook County,4.726,1275.939941,4.923659801,421.9219971,6.967860222,0.51335299,Herbaceous,6
460,-110.01674,43.73527996,-1120436.02,2387569.891,56013,Wyoming,Fremont County,12.979,2827.129883,14.16709995,980.8590088,-0.849687994,0.504221022,Forest,4
461,-109.6508,43.64781003,-1092785.845,2373651.915,56013,Wyoming,Fremont County,7.726,2491.620117,10.14859962,490.118988,2.223890066,0.475971013,Shrubland,5
462,-108.75326,42.58598004,-1037249.711,2246140.551,56013,Wyoming,Fremont County,8.791,2465.52002,10.10849953,489.2420044,2.535979986,0.531961024,Shrubland,5
463,-108.68015,42.52865003,-1032191.487,2238993.305,56013,Wyoming,Fremont County,6.084,2465.52002,10.10849953,489.2420044,2.535979986,0.531961024,Shrubland,5
464,-108.1550301,42.72297002,-986913.6617,2254949.468,56013,Wyoming,Fremont County,4.909,2047.170044,4.708839893,309.5249939,5.754449844,0.278331995,Shrubland,5
465,-107.9769,42.32588999,-978107.2114,2209076.44,56013,Wyoming,Fremont County,1.698,2183.360107,7.384059906,349.6109924,4.503640175,0.330875009,Shrubland,5
466,-107.88708,42.91200996,-962637.3325,2273155.934,56013,Wyoming,Fremont County,1.49,1740.76001,2.759900093,229.8280029,6.57490015,0.222022995,Shrubland,5
467,-107.91449,43.33009998,-959006.4074,2319763.542,56013,Wyoming,Fremont County,0.355,1822.319946,5.950809956,243.4409943,6.608739853,0.199215993,Shrubland,5
468,-107.6654,42.39009001,-951918.8982,2213036.285,56013,Wyoming,Fremont County,2.743,2225.540039,8.781629562,385.1279907,4.94949007,0.370656997,Shrubland,5
469,-107.72027,43.11385998,-946424.0177,2293855.135,56013,Wyoming,Fremont County,0.8,1716.329956,1.58513999,201.5090027,6.36082983,0.221506,Shrubland,5
470,-107.72027,43.11385998,-946424.0177,2293855.135,56013,Wyoming,Fremont County,0.8,1716.329956,1.58513999,201.5090027,6.36082983,0.221506,Shrubland,5
471,-107.72027,43.11385998,-946424.0177,2293855.135,56013,Wyoming,Fremont County,0.8,1716.329956,1.58513999,201.5090027,6.36082983,0.221506,Shrubland,5
472,-107.5977,42.58490004,-943770.7823,2233976.664,56013,Wyoming,Fremont County,0.645,1994.089966,3.083679914,268.506012,5.9165802,0.200427994,Shrubland,5
473,-104.59605,42.00304998,-706170.0892,2143212.652,56015,Wyoming,Goshen County,6.309,1379.189941,1.852190018,363.7839966,8.657299995,0.335482001,Herbaceous,6
474,-104.19528,42.58713004,-667704.9839,2205373.936,56015,Wyoming,Goshen County,2.738,1478.550049,1.589720011,390.1229858,7.349850178,0.418065012,Herbaceous,6
475,-104.19528,42.58713004,-667704.9839,2205373.936,56015,Wyoming,Goshen County,2.738,1478.550049,1.589720011,390.1229858,7.349850178,0.418065012,Herbaceous,6
476,-104.19528,42.58713004,-667704.9839,2205373.936,56015,Wyoming,Goshen County,2.738,1478.550049,1.589720011,390.1229858,7.349850178,0.418065012,Herbaceous,6
477,-108.8885901,43.68867996,-1031538.074,2369649.022,56017,Wyoming,Hot Springs County,5.803,2329.919922,12.04529953,441.756012,4.183129787,0.381312013,Shrubland,5
478,-106.9174601,43.59445999,-875741.5831,2339436.237,56019,Wyoming,Johnson County,3.974,1738.640015,7.90994978,338.9159851,6.777689934,0.33801201,Shrubland,5
479,-106.7811001,43.86019003,-861494.4249,2367645.369,56019,Wyoming,Johnson County,5.499,1904.52002,11.23929977,393.5750122,6.013740063,0.447028011,Forest,4
480,-106.7811001,43.86019003,-861494.4249,2367645.369,56019,Wyoming,Johnson County,5.499,1904.52002,11.23929977,393.5750122,6.013740063,0.447028011,Forest,4
481,-106.8543864,44.55551676,-858491.5289,2445314.828,56019,Wyoming,Johnson County,13.758,1468.780029,8.112210274,416.4020081,6.775380135,0.539936006,Shrubland,5
482,-106.53105,44.35250998,-835525.9242,2419958.228,56019,Wyoming,Johnson County,6.123,1382.459961,6.559949875,350.4100037,7.243100166,0.349736989,Herbaceous,6
483,-106.27033,43.80682001,-821485.0274,2357205.562,56019,Wyoming,Johnson County,4.518,1377.189941,2.252850056,343.5249939,7.37361002,0.269336998,Herbaceous,6
484,-105.1906716,41.54780626,-759789.5471,2097083.894,56021,Wyoming,Laramie County,10.72,1968.609985,5.29185009,403.0690002,7.180049896,0.373537987,Herbaceous,6
485,-105.1906716,41.54780626,-759789.5471,2097083.894,56021,Wyoming,Laramie County,10.72,1968.609985,5.29185009,403.0690002,7.180049896,0.373537987,Herbaceous,6
486,-105.1906716,41.54780626,-759789.5471,2097083.894,56021,Wyoming,Laramie County,10.72,1968.609985,5.29185009,403.0690002,7.180049896,0.373537987,Herbaceous,6
487,-104.33074,41.17664998,-692528.3007,2049142.764,56021,Wyoming,Laramie County,2.126,1679.810059,1.701169968,390.9190063,8.031720161,0.408996999,Herbaceous,6
488,-110.982973,42.88349671,-1211984.385,2305425.632,56023,Wyoming,Lincoln County,15.883,1889.400024,8.913809776,536.3519897,3.859920025,0.693952978,Shrubland,5
489,-110.17619,41.95661002,-1162622.96,2192934.187,56023,Wyoming,Lincoln County,3.703,2038.26001,2.002959967,210.625,3.616909981,0.167450994,Shrubland,5
490,-110.17619,41.95661002,-1162622.96,2192934.187,56023,Wyoming,Lincoln County,3.703,2038.26001,2.002959967,210.625,3.616909981,0.167450994,Shrubland,5
491,-107.26465,42.65573996,-915861.195,2238578.888,56025,Wyoming,Natrona County,0.446,2132.5,7.044839859,314.8479919,5.533939838,0.299264014,Shrubland,5
492,-107.26465,42.65573996,-915861.195,2238578.888,56025,Wyoming,Natrona County,0.446,2132.5,7.044839859,314.8479919,5.533939838,0.299264014,Shrubland,5
493,-107.20318,42.61932998,-911365.3085,2233946.777,56025,Wyoming,Natrona County,1.13,1986.569946,4.573309898,261.5090027,6.23239994,0.218769997,Shrubland,5
494,-106.61977,43.04259002,-858834.6932,2275496.599,56025,Wyoming,Natrona County,1.015,1658.72998,1.846729994,324.9330139,7.444699764,0.287773013,Shrubland,5
495,-106.32259,43.11772999,-833987.4643,2281191.764,56025,Wyoming,Natrona County,4.904,1697.069946,3.361020088,328.2739868,7.165249825,0.312402993,Shrubland,5
496,-104.81955,42.79056002,-716319.1097,2232564.712,56027,Wyoming,Niobrara County,6.363,1583.800049,2.563560009,387.3359985,7.302239895,0.394538999,Shrubland,5
497,-104.81955,42.79056002,-716319.1097,2232564.712,56027,Wyoming,Niobrara County,6.363,1583.800049,2.563560009,387.3359985,7.302239895,0.394538999,Shrubland,5
498,-104.81955,42.79056002,-716319.1097,2232564.712,56027,Wyoming,Niobrara County,6.363,1583.800049,2.563560009,387.3359985,7.302239895,0.394538999,Shrubland,5
499,-104.40313,43.32969997,-677270.0488,2289486.438,56027,Wyoming,Niobrara County,3.329,1193.219971,2.903539896,378.7539978,8.081720352,0.338838995,Herbaceous,6
500,-104.30606,43.09467002,-671757.5674,2262652.262,56027,Wyoming,Niobrara County,7.292,1292.97998,2.938090086,439.3500061,7.870460033,0.386142999,Herbaceous,6
501,-110.0856637,44.91846863,-1106432.975,2518794.162,56029,Wyoming,Park County,7.114,2510.689941,20.42230034,709.0560303,0.702471972,0.575231016,Forest,4
502,-110.0514145,44.98973175,-1102593.987,2526240.235,56029,Wyoming,Park County,19.092,2510.689941,20.42230034,709.0560303,0.702471972,0.575231016,Forest,4
503,-109.63068,44.45997997,-1078241.549,2463050.593,56029,Wyoming,Park County,14.242,2324,19.7779007,399.7520142,4.629799843,0.407292008,Forest,4
504,-109.18146,44.03020001,-1049561.994,2410593.261,56029,Wyoming,Park County,10.661,2212.139893,7.817349911,442.3330078,4.186669827,0.417176008,Shrubland,5
505,-109.31752,44.84582998,-1047631.714,2502087.371,56029,Wyoming,Park County,2.996,1781.819946,19.16679955,448.5780029,6.235300064,0.312907994,Shrubland,5
506,-109.31752,44.84582998,-1047631.714,2502087.371,56029,Wyoming,Park County,2.996,1781.819946,19.16679955,448.5780029,6.235300064,0.312907994,Shrubland,5
507,-109.31752,44.84582998,-1047631.714,2502087.371,56029,Wyoming,Park County,2.996,1781.819946,19.16679955,448.5780029,6.235300064,0.312907994,Shrubland,5
508,-109.16205,44.77946004,-1036500.469,2493065.454,56029,Wyoming,Park County,4.516,1493.079956,3.811460018,276.3210144,7.499120235,0.216691002,Shrubland,5
509,-109.16205,44.77946004,-1036500.469,2493065.454,56029,Wyoming,Park County,4.516,1493.079956,3.811460018,276.3210144,7.499120235,0.216691002,Shrubland,5
510,-108.9267301,44.32454998,-1024956.26,2440317.252,56029,Wyoming,Park County,4.034,1712.380005,5.391940117,280.7709961,6.500420094,0.283033997,Shrubland,5
511,-108.68512,44.67805003,-1000673.04,2476766.063,56029,Wyoming,Park County,2.045,1393.469971,3.982609987,205.0570068,7.421649933,0.187698007,Herbaceous,6
512,-105.2522,42.05724999,-759319.5043,2154308.033,56031,Wyoming,Platte County,3.141,1561.75,4.469409943,369.6530151,8.056969643,0.376410991,Herbaceous,6
513,-105.15618,42.01929,-751872.2236,2149318.354,56031,Wyoming,Platte County,5.009,1561.75,4.469409943,369.6530151,8.056969643,0.376410991,Herbaceous,6
514,-106.9060287,44.7719228,-859798.4521,2469723.558,56033,Wyoming,Sheridan County,8.328,1200.339966,6.427919865,387.8340149,6.97329998,0.465710998,Shrubland,5
515,-106.31735,44.72171998,-814181.9236,2458983.897,56033,Wyoming,Sheridan County,18.814,1238.430054,6.607190132,379.6730042,7.546700001,0.372774988,Herbaceous,6
516,-106.19956,44.75683001,-804503.8072,2461867.288,56033,Wyoming,Sheridan County,5.862,1177.099976,4.481919765,357.1950073,7.54335022,0.369080991,Herbaceous,6
517,-106.19956,44.75683001,-804503.8072,2461867.288,56033,Wyoming,Sheridan County,5.862,1177.099976,4.481919765,357.1950073,7.54335022,0.369080991,Herbaceous,6
518,-106.19956,44.75683001,-804503.8072,2461867.288,56033,Wyoming,Sheridan County,5.862,1177.099976,4.481919765,357.1950073,7.54335022,0.369080991,Herbaceous,6
519,-106.2093898,44.95772118,-802878.3384,2484183.526,56033,Wyoming,Sheridan County,11.049,1229.810059,5.013380051,404.381012,7.690400124,0.408587009,Herbaceous,6
520,-110.51351,42.50859001,-1180683.776,2258119.05,56035,Wyoming,Sublette County,11.388,2811.51001,19.68919945,1000.130005,0.614234984,0.550207973,Forest,4
521,-110.51351,42.50859001,-1180683.776,2258119.05,56035,Wyoming,Sublette County,11.388,2811.51001,19.68919945,1000.130005,0.614234984,0.550207973,Forest,4
522,-110.51351,42.50859001,-1180683.776,2258119.05,56035,Wyoming,Sublette County,11.388,2811.51001,19.68919945,1000.130005,0.614234984,0.550207973,Forest,4
523,-110.51702,43.17939,-1169562.055,2332242.717,56035,Wyoming,Sublette County,21.644,2228.610107,15.0309,561.0360107,1.942739964,0.691703022,Forest,4
524,-110.4823066,43.09546862,-1168209.927,2322551.685,56035,Wyoming,Sublette County,15.595,2336.800049,10.7013998,503.9570007,1.738369942,0.682570994,Shrubland,5
525,-110.30444,42.85905004,-1157932.019,2294265.615,56035,Wyoming,Sublette County,3.021,2295.399902,4.190440178,358.0239868,1.447870016,0.377198011,Shrubland,5
526,-109.9906085,43.01483355,-1130160.541,2307699.646,56035,Wyoming,Sublette County,7.356,2480.860107,8.158289909,483.0069885,1.262779951,0.555540025,Shrubland,5
527,-109.79629,42.44199004,-1123835.981,2242059.866,56035,Wyoming,Sublette County,3.02,2164.800049,1.853489995,255.2160034,2.135819912,0.189421996,Shrubland,5
528,-109.75494,42.75410001,-1115459.451,2276093.319,56035,Wyoming,Sublette County,2.916,2160.300049,2.005350113,268.3729858,2.095380068,0.387575001,Shrubland,5
529,-109.25182,42.58935999,-1077487.933,2252061.9,56035,Wyoming,Sublette County,10.319,2703.300049,7.780419827,618.0980225,0.913608015,0.609139979,Forest,4
530,-109.49157,42.00422003,-1106109.507,2190031.899,56037,Wyoming,Sweetwater County,1.277,2013.98999,0.907911003,206.8029938,3.869640112,0.287537009,Shrubland,5
531,-109.49157,42.00422003,-1106109.507,2190031.899,56037,Wyoming,Sweetwater County,1.277,2013.98999,0.907911003,206.8029938,3.869640112,0.287537009,Shrubland,5
532,-109.49157,42.00422003,-1106109.507,2190031.899,56037,Wyoming,Sweetwater County,1.277,2013.98999,0.907911003,206.8029938,3.869640112,0.287537009,Shrubland,5
533,-109.49994,42.14851002,-1104506.157,2206105.92,56037,Wyoming,Sweetwater County,2.24,2027.329956,0.895841002,207.0540009,3.394040108,0.262171,Shrubland,5
534,-107.9627,42.01393002,-981333.911,2174316.998,56037,Wyoming,Sweetwater County,0.605,2007.589966,0.800131023,204.9620056,5.763740063,0.162070006,Shrubland,5
535,-107.9627,42.01393002,-981333.911,2174316.998,56037,Wyoming,Sweetwater County,0.605,2007.589966,0.800131023,204.9620056,5.763740063,0.162070006,Shrubland,5
536,-107.9627,42.01393002,-981333.911,2174316.998,56037,Wyoming,Sweetwater County,0.605,2007.589966,0.800131023,204.9620056,5.763740063,0.162070006,Shrubland,5
537,-107.52744,41.96574,-946459.0376,2164552.316,56037,Wyoming,Sweetwater County,0.5,2037.310059,1.48913002,254.5330048,5.800710201,0.173888996,Shrubland,5
538,-107.52744,41.96574,-946459.0376,2164552.316,56037,Wyoming,Sweetwater County,0.5,2037.310059,1.48913002,254.5330048,5.800710201,0.173888996,Shrubland,5
539,-107.52744,41.96574,-946459.0376,2164552.316,56037,Wyoming,Sweetwater County,0.5,2037.310059,1.48913002,254.5330048,5.800710201,0.173888996,Shrubland,5
540,-110.64348,43.51083,-1173990.411,2370372.258,56039,Wyoming,Teton County,24.954,2254.790039,8.940429688,610.8510132,2.818789959,0.522561014,Forest,4
541,-110.64348,43.51083,-1173990.411,2370372.258,56039,Wyoming,Teton County,24.954,2254.790039,8.940429688,610.8510132,2.818789959,0.522561014,Forest,4
542,-110.80649,44.53497,-1169232.668,2485215.23,56039,Wyoming,Teton County,18.142,2423.050049,4.774809837,859.5510254,0.885500014,0.546603024,Forest,4
543,-110.5769801,43.69342003,-1165587.662,2389690.249,56039,Wyoming,Teton County,21.455,2238.689941,9.681409836,817.9400024,2.10048008,0.652540982,Forest,4
544,-110.5769801,43.69342003,-1165587.662,2389690.249,56039,Wyoming,Teton County,21.455,2238.689941,9.681409836,817.9400024,2.10048008,0.652540982,Forest,4
545,-110.5769801,43.69342003,-1165587.662,2389690.249,56039,Wyoming,Teton County,21.455,2238.689941,9.681409836,817.9400024,2.10048008,0.652540982,Forest,4
546,-110.66185,44.09124,-1165501.297,2434579.564,56039,Wyoming,Teton County,16.987,2360.570068,9.663209915,1121.27002,1.358669996,0.602835,Forest,4
547,-110.7344173,44.43288644,-1165343.269,2473094.177,56039,Wyoming,Teton County,10.745,2484.280029,7.121809959,869.4719849,0.470780998,0.619100988,Forest,4
548,-110.7344173,44.43288644,-1165343.269,2473094.177,56039,Wyoming,Teton County,10.745,2484.280029,7.121809959,869.4719849,0.470780998,0.619100988,Forest,4
549,-110.7344173,44.43288644,-1165343.269,2473094.177,56039,Wyoming,Teton County,10.745,2484.280029,7.121809959,869.4719849,0.470780998,0.619100988,Forest,4
550,-110.595819,44.31814975,-1156424.253,2458767.752,56039,Wyoming,Teton County,6.288,2447.889893,2.659749985,803.5109863,0.575055003,0.588304996,Shrubland,5
551,-110.595819,44.31814975,-1156424.253,2458767.752,56039,Wyoming,Teton County,6.288,2447.889893,2.659749985,803.5109863,0.575055003,0.588304996,Shrubland,5
552,-110.595819,44.31814975,-1156424.253,2458767.752,56039,Wyoming,Teton County,6.288,2447.889893,2.659749985,803.5109863,0.575055003,0.588304996,Shrubland,5
553,-110.4042,43.60747001,-1153326.798,2378102.451,56039,Wyoming,Teton County,9.908,2476.780029,13.67380047,923.3309937,1.204470038,0.642924011,Forest,4
554,-111.01186,41.05630002,-1246454.165,2103947.397,56041,Wyoming,Uinta County,15.763,2229.080078,5.671609879,468.3240051,4.595170021,0.413938999,Shrubland,5
555,-110.36232,41.02223003,-1193516.999,2091839.395,56041,Wyoming,Uinta County,11.227,2688.669922,6.372429848,590.9000244,2.034559965,0.60017699,Forest,4
556,-108.37598,44.10730003,-984684.9601,2410491.609,56043,Wyoming,Washakie County,1.517,1423.97998,2.227370024,238.2969971,7.407249928,0.164829001,Herbaceous,6
557,-108.37598,44.10730003,-984684.9601,2410491.609,56043,Wyoming,Washakie County,1.517,1423.97998,2.227370024,238.2969971,7.407249928,0.164829001,Herbaceous,6
558,-108.2077,43.9999,-972904.259,2396882.834,56043,Wyoming,Washakie County,2.899,1380.719971,2.7146101,246.5160065,7.457149982,0.171189994,Shrubland,5
559,-108.2077,43.9999,-972904.259,2396882.834,56043,Wyoming,Washakie County,2.899,1380.719971,2.7146101,246.5160065,7.457149982,0.171189994,Shrubland,5
560,-108.0239,43.88166001,-959999.0132,2381933.484,56043,Wyoming,Washakie County,0.633,1317.939941,2.767329931,238.5939941,7.559790134,0.278066009,Herbaceous,6
561,-108.0239,43.88166001,-959999.0132,2381933.484,56043,Wyoming,Washakie County,0.633,1317.939941,2.767329931,238.5939941,7.559790134,0.278066009,Herbaceous,6
562,-107.75538,43.83047004,-939375.3421,2373584.661,56043,Wyoming,Washakie County,1.764,1421.709961,4.375510216,290.0140076,7.404099941,0.212164,Shrubland,5
563,-107.4446201,43.64022998,-917214.1675,2349481.558,56043,Wyoming,Washakie County,11.615,1631.560059,6.854819775,378.2619934,6.826449871,0.298177987,Shrubland,5
564,-104.65788,43.57870003,-695217.4834,2319009.522,56045,Wyoming,Weston County,3.039,1272.459961,2.106519938,318.1789856,7.692420006,0.335408986,Herbaceous,6
565,-104.65788,43.57870003,-695217.4834,2319009.522,56045,Wyoming,Weston County,3.039,1272.459961,2.106519938,318.1789856,7.692420006,0.335408986,Herbaceous,6
566,-104.55727,43.69976,-685945.7979,2331732.332,56045,Wyoming,Weston County,4.701,1296.369995,2.502880096,315.881012,7.581749916,0.345824003,Herbaceous,6
567,-104.55727,43.69976,-685945.7979,2331732.332,56045,Wyoming,Weston County,4.701,1296.369995,2.502880096,315.881012,7.581749916,0.345824003,Herbaceous,6
568,-104.55727,43.69976,-685945.7979,2331732.332,56045,Wyoming,Weston County,4.701,1296.369995,2.502880096,315.881012,7.581749916,0.345824003,Herbaceous,6
569,-104.5425799,43.80058,-683761.6627,2342829.389,56045,Wyoming,Weston County,3.105,1286,2.302469969,331.5780029,7.554349899,0.352596998,Herbaceous,6
570,-104.50697,44.13981004,-677536.991,2380254.142,56045,Wyoming,Weston County,5.6,1417.859985,4.096920013,434.7900085,6.454440117,0.489789009,Shrubland,5
